id,state,county,lat,lon
0,mi,oakland,42.333944,-81.486801
1,mi,oakland,42.392875,-84.890936
2,mi,oakland,42.504789,-82.790599
3,mi,kalamazoo,41.952902,-85.434567
4,mi,oakland,42.375683,-84.531809
5,mi,oakland,42.245741,-81.367484
6,mi,kalamazoo,42.138903,-88.989891
7,mi,oakland,42.566074,-81.799601
8,mi,wayne,41.950996,-84.469325
9,mi,wayne,41.987737,-84.043307
10,mi,wayne,42.426713,-83.578118
11,mi,kalamazoo,42.509898,-86.937663
12,mi,oakland,42.404077,-81.341972
13,mi,kalamazoo,42.098599,-82.975727
14,mi,oakland,42.342904,-83.893325
15,mi,wayne,42.567541,-84.221638
16,mi,wayne,42.186336,-82.117127
17,mi,oakland,42.556627,-82.739893
18,mi,oakland,42.485865,-85.854478
19,mi,kalamazoo,42.387072,-86.464937
20,mi,wayne,42.343942,-80.605877
21,mi,oakland,42.048611,-80.502384
22,mi,oakland,42.397236,-83.511898
23,mi,oakland,42.271903,-82.873065
24,mi,oakland,42.516704,-81.096154
25,mi,oakland,42.314652,-79.928395
26,mi,wayne,42.316179,-83.168062
27,mi,oakland,42.454804,-83.863139
28,mi,oakland,42.439664,-82.913196
29,mi,kalamazoo,42.24775,-86.281059
30,mi,kalamazoo,42.343615,-86.672576
31,mi,wayne,42.230617,-83.796134
32,mi,wayne,42.324183,-81.371852
33,mi,kalamazoo,42.54717,-84.36379
34,mi,oakland,42.608708,-83.895502
35,mi,kalamazoo,42.46941,-83.418997
36,mi,wayne,41.758168,-82.593306
37,mi,oakland,42.842032,-83.962581
38,mi,kalamazoo,42.156363,-85.839727
39,mi,kalamazoo,41.923781,-84.748032
40,mi,wayne,42.157491,-82.955946
41,mi,oakland,42.603994,-84.845987
42,mi,oakland,42.5683,-82.363603
43,mi,wayne,42.027902,-82.509764
44,mi,oakland,42.520177,-84.51238
45,mi,oakland,42.570697,-83.831421
46,mi,kalamazoo,42.474266,-85.478333
47,mi,wayne,41.827559,-82.816026
48,mi,wayne,42.207351,-85.512274
49,mi,wayne,42.337634,-81.953558
50,mi,wayne,41.932505,-84.669253
51,mi,wayne,42.114498,-84.867704
52,mi,oakland,42.660099,-82.952056
53,mi,wayne,41.876611,-84.994942
54,mi,kalamazoo,42.59693,-81.928875
55,mi,kalamazoo,42.434682,-85.422551
56,mi,oakland,42.390009,-82.150601
57,mi,kalamazoo,42.31898,-88.220143
58,mi,oakland,42.757967,-80.558393
59,mi,oakland,42.684313,-85.433222
60,mi,wayne,41.990793,-87.06544
61,mi,wayne,42.549012,-84.063477
62,mi,oakland,43.083322,-79.33954
63,mi,kalamazoo,42.074143,-86.416535
64,mi,wayne,42.266548,-86.859084
65,mi,kalamazoo,42.190435,-86.076318
66,mi,oakland,42.962791,-82.927964
67,mi,wayne,42.078808,-84.612969
68,mi,kalamazoo,42.523512,-85.993422
69,mi,oakland,42.487429,-84.528247
70,mi,wayne,41.770616,-85.34207
71,mi,oakland,42.374507,-83.77651
72,mi,wayne,42.095144,-83.527839
73,mi,oakland,42.377828,-80.551747
74,mi,wayne,42.386996,-83.620219
75,mi,wayne,42.213565,-84.094176
76,mi,kalamazoo,41.589129,-84.959014
77,mi,oakland,42.576404,-86.475324
78,mi,wayne,42.274853,-83.911153
79,mi,wayne,42.234483,-83.850797
80,mi,kalamazoo,42.612739,-84.547542
81,mi,wayne,42.400604,-81.180548
82,mi,wayne,41.870111,-84.828034
83,mi,wayne,42.262903,-84.081075
84,mi,wayne,42.090348,-80.77687
85,mi,kalamazoo,42.222408,-86.937859
86,mi,oakland,42.29155,-78.885287
87,mi,wayne,42.105445,-86.078496
88,mi,oakland,42.057635,-84.499273
89,mi,wayne,42.100869,-81.451653
90,mi,kalamazoo,42.513086,-85.012693
91,mi,kalamazoo,42.186458,-84.320796
92,mi,wayne,41.712813,-79.387838
93,mi,kalamazoo,42.463526,-83.26602
94,mi,oakland,42.231462,-80.684703
95,mi,wayne,42.034996,-85.255116
96,mi,wayne,42.140207,-83.47511
97,mi,wayne,41.880366,-85.139875
98,mi,oakland,42.256692,-85.17743
99,mi,kalamazoo,42.202976,-87.77797
100,mi,oakland,42.327156,-81.159731
101,mi,kalamazoo,42.505827,-87.099758
102,mi,oakland,42.739551,-87.182879
103,mi,kalamazoo,42.907286,-82.399374
104,mi,oakland,42.360067,-82.485147
105,mi,wayne,41.79977,-83.229114
106,mi,oakland,42.454084,-84.919527
107,mi,kalamazoo,42.182861,-86.133975
108,mi,wayne,41.867066,-85.066294
109,mi,kalamazoo,41.939539,-83.285338
110,mi,wayne,41.916972,-85.794042
111,mi,oakland,42.710376,-82.510759
112,mi,kalamazoo,42.501125,-83.167834
113,mi,wayne,42.634364,-83.66208
114,mi,wayne,41.785598,-82.807924
115,mi,wayne,41.982749,-85.265011
116,mi,kalamazoo,42.324981,-83.268495
117,mi,wayne,41.941001,-80.801224
118,mi,kalamazoo,42.052597,-85.487806
119,mi,wayne,42.246577,-84.125798
120,mi,kalamazoo,41.855999,-83.145185
121,mi,kalamazoo,42.144134,-83.510203
122,mi,wayne,41.833964,-85.536873
123,mi,oakland,42.715608,-82.568984
124,mi,wayne,42.040354,-82.639937
125,mi,oakland,42.26149,-83.029482
126,mi,wayne,42.182138,-84.097563
127,mi,wayne,41.941179,-83.209503
128,mi,wayne,42.136255,-84.281644
129,mi,wayne,41.891546,-83.325046
130,mi,wayne,42.034169,-85.419315
131,mi,oakland,42.510882,-80.033389
132,mi,kalamazoo,42.208293,-82.004447
133,mi,wayne,42.678583,-85.256838
134,mi,oakland,42.502261,-79.042536
135,mi,wayne,42.11973,-83.276376
136,mi,kalamazoo,41.882499,-86.063324
137,mi,kalamazoo,42.438897,-80.141435
138,mi,kalamazoo,42.250998,-88.325253
139,mi,kalamazoo,41.948688,-85.071579
140,mi,wayne,42.444302,-82.075293
141,mi,kalamazoo,42.415064,-82.381711
142,mi,oakland,42.319943,-83.211811
143,mi,wayne,42.019904,-83.892911
144,mi,kalamazoo,42.048433,-85.687952
145,mi,wayne,42.143071,-84.092943
146,mi,oakland,42.459735,-82.439919
147,mi,wayne,42.459674,-80.727688
148,mi,wayne,42.340355,-85.869963
149,mi,oakland,42.409898,-83.79857
150,mi,oakland,42.335713,-82.565298
151,mi,wayne,41.751418,-79.962867
152,mi,wayne,42.448805,-82.393595
153,mi,kalamazoo,42.284473,-82.542321
154,mi,wayne,42.322351,-81.136724
155,mi,wayne,42.135237,-79.771374
156,mi,kalamazoo,42.591722,-83.980927
157,mi,kalamazoo,42.613993,-85.838324
158,mi,wayne,41.858125,-82.706899
159,mi,oakland,42.485727,-83.645435
160,mi,kalamazoo,42.604078,-84.665722
161,mi,kalamazoo,42.365892,-85.654105
162,mi,oakland,42.720281,-81.846248
163,mi,wayne,42.368415,-84.344528
164,mi,wayne,42.476022,-79.672463
165,mi,wayne,42.36051,-84.968577
166,mi,oakland,42.299449,-84.000754
167,mi,wayne,42.008906,-83.492185
168,mi,oakland,42.658111,-82.670095
169,mi,wayne,42.200572,-83.832405
170,mi,wayne,42.131539,-81.756849
171,mi,kalamazoo,41.79701,-85.022781
172,mi,wayne,42.221997,-81.782834
173,mi,wayne,41.897489,-85.475819
174,mi,kalamazoo,42.445989,-88.808904
175,mi,wayne,42.483047,-82.896816
176,mi,oakland,42.88968,-85.424145
177,mi,oakland,42.39091,-88.065737
178,mi,wayne,41.951078,-83.717694
179,mi,kalamazoo,41.809323,-85.789254
180,mi,oakland,42.003165,-83.76492
181,mi,wayne,42.436778,-83.41996
182,mi,wayne,42.564552,-81.777415
183,mi,wayne,42.487037,-84.87989
184,mi,kalamazoo,42.102715,-84.308773
185,mi,wayne,41.755574,-82.407713
186,mi,oakland,42.41902,-80.590006
187,mi,oakland,42.669878,-81.056587
188,mi,oakland,42.311448,-81.153579
189,mi,wayne,42.511178,-83.427428
190,mi,wayne,41.965162,-84.793574
191,mi,oakland,42.809753,-77.881309
192,mi,wayne,41.904589,-85.46704
193,mi,wayne,42.380354,-84.857827
194,mi,wayne,42.404589,-82.419308
195,mi,wayne,42.144006,-82.467457
196,mi,kalamazoo,42.39505,-85.359213
197,mi,wayne,41.71091,-82.992699
198,mi,wayne,42.543265,-86.567537
199,mi,wayne,41.908554,-82.496346
200,mi,oakland,42.509648,-82.427636
201,mi,oakland,42.32517,-80.925083
202,mi,wayne,42.161725,-81.956029
203,mi,oakland,42.580069,-82.89901
204,mi,oakland,42.656708,-82.877024
205,mi,kalamazoo,42.00245,-82.825286
206,mi,kalamazoo,42.504532,-89.213701
207,mi,wayne,41.98645,-81.265279
208,mi,wayne,41.693268,-81.462866
209,mi,wayne,42.114694,-80.669435
210,mi,wayne,42.149713,-84.794136
211,mi,kalamazoo,42.377021,-85.060771
212,mi,wayne,41.947287,-78.913313
213,mi,wayne,41.907225,-87.835911
214,mi,oakland,42.895425,-84.417127
215,mi,oakland,42.425807,-83.965812
216,mi,wayne,42.007587,-84.882385
217,mi,wayne,41.900796,-83.22048
218,mi,wayne,42.049503,-81.889276
219,mi,oakland,42.620674,-85.105024
220,mi,wayne,42.17713,-84.185677
221,mi,wayne,41.902085,-81.971137
222,mi,oakland,42.469669,-84.0651
223,mi,wayne,41.936108,-85.405874
224,mi,oakland,42.997192,-82.581763
225,mi,wayne,41.877218,-82.774268
226,mi,wayne,42.415504,-83.014965
227,mi,kalamazoo,42.643505,-88.085626
228,mi,oakland,42.002169,-82.728965
229,mi,wayne,42.219124,-90.029
230,mi,oakland,42.344106,-85.267325
231,mi,oakland,42.152013,-85.272084
232,mi,oakland,42.648947,-85.28481
233,mi,wayne,41.904219,-86.587611
234,mi,kalamazoo,42.617227,-84.130735
235,mi,wayne,41.526911,-85.31448
236,mi,wayne,42.282129,-80.787215
237,mi,wayne,42.36021,-84.061366
238,mi,wayne,41.667156,-81.609502
239,mi,kalamazoo,42.225776,-84.862276
240,mi,wayne,42.105645,-86.061059
241,mi,wayne,42.241063,-82.897082
242,mi,kalamazoo,42.193553,-84.057788
243,mi,wayne,41.8065,-83.888006
244,mi,wayne,42.156532,-86.819855
245,mi,wayne,42.135726,-81.88271
246,mi,wayne,42.074192,-83.41823
247,mi,wayne,42.290586,-84.1256
248,mi,oakland,42.425551,-85.603407
249,mi,wayne,42.146266,-84.019697
250,mi,wayne,42.274772,-82.22308
251,mi,oakland,42.697802,-84.266521
252,mi,oakland,41.955855,-81.766721
253,mi,wayne,42.25778,-84.620583
254,mi,oakland,42.638735,-86.14718
255,mi,wayne,42.40756,-84.017249
256,mi,wayne,41.942768,-84.593403
257,mi,oakland,42.442129,-83.274024
258,mi,wayne,42.16207,-84.209215
259,mi,kalamazoo,42.35006,-84.983441
260,mi,wayne,41.988107,-84.946381
261,mi,oakland,42.652091,-82.201348
262,mi,wayne,42.164284,-81.501609
263,mi,oakland,42.009668,-84.378789
264,mi,oakland,42.210921,-78.737455
265,mi,kalamazoo,42.478305,-85.158124
266,mi,wayne,42.346248,-81.117449
267,mi,oakland,42.776408,-81.406593
268,mi,oakland,42.434365,-84.252731
269,mi,oakland,42.259453,-82.245105
270,mi,oakland,42.460266,-84.086942
271,mi,oakland,42.382335,-80.349615
272,mi,wayne,42.38817,-79.689212
273,mi,wayne,42.282254,-83.236091
274,mi,wayne,42.143649,-85.390603
275,mi,wayne,41.834645,-82.335318
276,mi,kalamazoo,42.06633,-84.577084
277,mi,oakland,42.778867,-84.580908
278,mi,kalamazoo,42.80262,-86.98139
279,mi,wayne,42.397549,-82.500488
280,mi,kalamazoo,42.598524,-87.232395
281,mi,kalamazoo,42.876755,-85.35755
282,mi,oakland,42.669162,-80.361025
283,mi,oakland,42.348834,-81.598547
284,mi,wayne,41.957133,-80.556077
285,mi,kalamazoo,42.109955,-84.922986
286,mi,oakland,42.57653,-81.6814
287,mi,wayne,42.642119,-84.253938
288,mi,wayne,42.434684,-79.409483
289,mi,kalamazoo,42.341433,-86.100266
290,mi,kalamazoo,41.867492,-81.233448
291,mi,kalamazoo,42.238889,-87.002717
292,mi,oakland,42.160417,-85.256428
293,mi,wayne,42.379926,-81.234263
294,mi,wayne,42.31303,-83.085324
295,mi,wayne,41.83862,-84.809882
296,mi,wayne,41.873345,-82.204358
297,mi,wayne,41.884172,-84.778492
298,mi,wayne,42.104128,-86.6896
299,mi,wayne,42.161693,-83.564306
300,mi,kalamazoo,42.596052,-86.639731
301,mi,wayne,41.825201,-84.098119
302,mi,kalamazoo,42.025477,-84.921691
303,mi,oakland,42.035016,-84.460691
304,mi,wayne,41.917907,-82.214486
305,mi,wayne,41.947359,-86.822192
306,mi,wayne,42.099545,-82.710228
307,mi,wayne,42.082199,-84.572646
308,mi,oakland,42.332109,-83.024104
309,mi,wayne,41.927638,-84.006966
310,mi,wayne,42.337612,-85.952646
311,mi,wayne,42.139083,-86.927979
312,mi,kalamazoo,42.356982,-86.957618
313,mi,oakland,42.754898,-86.203895
314,mi,oakland,42.61052,-80.807738
315,mi,wayne,41.892328,-85.07377
316,mi,oakland,42.263951,-84.221725
317,mi,oakland,42.629355,-84.38501
318,mi,oakland,42.21976,-87.287507
319,mi,kalamazoo,42.700487,-81.639009
320,mi,wayne,42.290059,-84.970767
321,mi,kalamazoo,42.486926,-83.102586
322,mi,kalamazoo,42.236438,-84.917263
323,mi,wayne,42.457942,-86.630923
324,mi,wayne,42.399606,-83.968308
325,mi,kalamazoo,42.021855,-87.060613
326,mi,wayne,41.933819,-85.770141
327,mi,oakland,42.942847,-82.267594
328,mi,kalamazoo,42.566121,-83.875263
329,mi,oakland,42.515307,-83.100489
330,mi,wayne,42.050622,-83.981565
331,mi,oakland,42.147974,-81.086348
332,mi,wayne,41.696692,-85.467221
333,mi,oakland,43.003009,-82.977654
334,mi,wayne,42.194428,-82.075323
335,mi,oakland,42.114916,-86.037587
336,mi,oakland,42.388776,-85.056722
337,mi,oakland,42.481261,-82.278901
338,mi,oakland,42.847291,-81.627823
339,mi,oakland,42.251431,-83.999928
340,mi,oakland,42.338264,-85.283122
341,mi,wayne,41.838956,-80.021375
342,mi,oakland,42.502661,-83.69846
343,mi,wayne,42.271064,-82.282508
344,mi,kalamazoo,42.579706,-86.487323
345,mi,wayne,42.250681,-85.172348
346,mi,wayne,42.102461,-83.236515
347,mi,oakland,42.538621,-83.029358
348,mi,wayne,42.350458,-84.543977
349,mi,wayne,42.195419,-84.86781
350,mi,oakland,43.230188,-85.075729
351,mi,oakland,42.324837,-81.484704
352,mi,oakland,42.392634,-81.483908
353,mi,wayne,42.188256,-84.156379
354,mi,oakland,42.311811,-84.827673
355,mi,wayne,42.05192,-83.698793
356,mi,oakland,42.29203,-83.468465
357,mi,oakland,42.226471,-81.738198
358,mi,oakland,42.736841,-84.65865
359,mi,wayne,41.959957,-82.994166
360,mi,wayne,42.466342,-80.376673
361,mi,wayne,41.799314,-81.33739
362,mi,wayne,42.134612,-83.434379
363,mi,wayne,42.276178,-84.311915
364,mi,oakland,42.774175,-80.402075
365,mi,wayne,42.515321,-87.03783
366,mi,kalamazoo,42.242586,-88.870461
367,mi,wayne,41.95868,-88.144998
368,mi,oakland,42.612567,-82.811381
369,mi,oakland,42.39185,-84.832296
370,mi,wayne,42.228508,-85.372844
371,mi,wayne,41.880134,-85.754832
372,mi,oakland,42.44904,-84.414615
373,mi,wayne,42.05394,-82.306383
374,mi,kalamazoo,42.540824,-82.099038
375,mi,oakland,42.515034,-82.554822
376,mi,kalamazoo,42.347212,-88.348371
377,mi,wayne,42.057576,-84.080196
378,mi,oakland,42.372297,-83.331879
379,mi,oakland,42.44513,-85.222654
380,mi,oakland,42.462244,-84.528101
381,mi,wayne,41.495189,-86.144138
382,mi,oakland,42.522229,-81.066217
383,mi,wayne,41.543199,-85.090783
384,mi,oakland,42.607863,-81.493609
385,mi,wayne,42.044972,-84.715565
386,mi,kalamazoo,42.604928,-83.407815
387,mi,wayne,42.364655,-84.286128
388,mi,kalamazoo,42.578424,-88.890137
389,mi,kalamazoo,42.582808,-85.133064
390,mi,kalamazoo,42.332234,-86.890505
391,mi,oakland,42.046493,-83.034592
392,mi,wayne,42.287849,-81.944615
393,mi,kalamazoo,42.448695,-84.263677
394,mi,wayne,41.919053,-81.815048
395,mi,oakland,42.241094,-81.035872
396,mi,oakland,42.479005,-83.351418
397,mi,oakland,42.716482,-81.247063
398,mi,wayne,42.34266,-84.990916
399,mi,oakland,42.690667,-84.879579
400,mi,kalamazoo,42.496975,-87.850326
401,mi,wayne,42.12658,-84.991782
402,mi,kalamazoo,42.517484,-82.769666
403,mi,wayne,42.199749,-83.017782
404,mi,wayne,42.326044,-81.10777
405,mi,wayne,42.159328,-84.349351
406,mi,wayne,42.311817,-87.067455
407,mi,kalamazoo,42.527413,-86.420374
408,mi,wayne,42.089943,-81.517897
409,mi,wayne,42.046123,-82.055182
410,mi,wayne,42.434727,-83.129934
411,mi,oakland,42.577862,-83.488872
412,mi,oakland,42.528899,-85.48281
413,mi,wayne,42.076565,-85.926411
414,mi,wayne,41.925308,-87.355898
415,mi,kalamazoo,42.365982,-81.616796
416,mi,wayne,42.035974,-81.419733
417,mi,wayne,42.431423,-85.748274
418,mi,wayne,41.904052,-81.368404
419,mi,oakland,42.476915,-85.831578
420,mi,wayne,41.990785,-82.51068
421,mi,oakland,42.301516,-88.799074
422,mi,wayne,42.069497,-83.831986
423,mi,kalamazoo,42.302307,-82.482233
424,mi,wayne,42.163381,-82.864125
425,mi,oakland,42.763884,-83.229312
426,mi,wayne,42.68413,-85.877417
427,mi,wayne,41.916463,-82.122083
428,mi,oakland,42.813578,-83.65159
429,mi,wayne,41.897345,-79.828021
430,mi,kalamazoo,42.101908,-84.321891
431,mi,kalamazoo,42.628538,-85.88321
432,mi,kalamazoo,42.144468,-86.107375
433,mi,wayne,42.375388,-81.229705
434,mi,oakland,42.508431,-79.483835
435,mi,wayne,42.157992,-80.765334
436,mi,kalamazoo,42.192,-80.332487
437,mi,oakland,42.892533,-83.505949
438,mi,kalamazoo,42.658635,-82.232039
439,mi,wayne,42.53826,-88.313973
440,mi,oakland,42.679838,-82.165402
441,mi,wayne,42.267768,-82.913307
442,mi,oakland,42.561953,-80.683719
443,mi,wayne,42.284868,-82.916187
444,mi,oakland,42.784845,-82.413948
445,mi,oakland,42.628392,-79.515926
446,mi,oakland,42.39138,-86.281421
447,mi,wayne,42.168091,-82.920913
448,mi,oakland,42.680382,-83.035368
449,mi,wayne,42.33878,-78.340767
450,mi,wayne,42.350379,-81.395369
451,mi,wayne,42.117617,-86.120514
452,mi,wayne,41.575472,-84.387361
453,mi,wayne,41.504907,-82.322902
454,mi,oakland,42.404296,-85.87675
455,mi,wayne,42.182719,-84.827264
456,mi,wayne,42.262694,-81.934747
457,mi,kalamazoo,42.124541,-85.474562
458,mi,wayne,42.203724,-86.164084
459,mi,oakland,42.553702,-86.112037
460,mi,oakland,42.641429,-84.120327
461,mi,kalamazoo,41.940864,-86.159947
462,mi,oakland,42.365581,-81.112958
463,mi,oakland,42.543326,-85.162555
464,mi,kalamazoo,42.712267,-83.747019
465,mi,wayne,42.065919,-86.457668
466,mi,kalamazoo,42.193852,-85.441026
467,mi,wayne,42.242258,-82.135487
468,mi,kalamazoo,42.501646,-88.222935
469,mi,wayne,42.202126,-83.669232
470,mi,oakland,43.169494,-83.120611
471,mi,wayne,41.994337,-83.129262
472,mi,oakland,42.497858,-87.228079
473,mi,wayne,42.252076,-83.971116
474,mi,kalamazoo,42.293327,-86.747137
475,mi,kalamazoo,42.026521,-83.242235
476,mi,wayne,42.427114,-82.513803
477,mi,kalamazoo,41.847301,-84.033873
478,mi,oakland,42.051016,-84.572351
479,mi,oakland,42.71639,-81.934803
480,mi,wayne,42.264242,-80.724195
481,mi,wayne,42.290004,-87.388038
482,mi,wayne,42.057617,-83.433217
483,mi,wayne,42.110315,-84.58427
484,mi,kalamazoo,42.042461,-80.19851
485,mi,wayne,42.052814,-78.646796
486,mi,kalamazoo,42.014677,-83.68588
487,mi,wayne,42.20741,-85.193899
488,mi,oakland,42.383111,-83.28026
489,mi,oakland,42.288971,-83.762281
490,mi,kalamazoo,41.708774,-83.576968
491,mi,wayne,42.456788,-82.441273
492,mi,wayne,42.716065,-81.985808
493,mi,wayne,42.435702,-80.873274
494,mi,wayne,41.462247,-82.502654
495,mi,wayne,41.804266,-85.711807
496,mi,wayne,41.898257,-83.975432
497,mi,wayne,42.312615,-82.48202
498,mi,oakland,42.496855,-81.804633
499,mi,wayne,42.345872,-82.464752
500,mi,wayne,41.718874,-84.828666
501,mi,wayne,42.156582,-81.883094
502,mi,oakland,42.167855,-83.27269
503,mi,kalamazoo,41.908594,-82.948164
504,mi,oakland,42.560587,-85.942272
505,mi,oakland,42.161818,-82.475136
506,mi,wayne,42.4937,-85.543572
507,mi,oakland,42.696651,-84.334475
508,mi,wayne,42.355799,-81.983618
509,mi,wayne,42.188825,-87.018783
510,mi,oakland,42.670296,-82.245961
511,mi,kalamazoo,42.402607,-84.608652
512,mi,wayne,41.930303,-81.184074
513,mi,oakland,42.724535,-85.400846
514,mi,oakland,42.828574,-82.986661
515,mi,wayne,42.182284,-83.702711
516,mi,wayne,42.130502,-80.608202
517,mi,wayne,42.408269,-81.326306
518,mi,wayne,42.196141,-81.571657
519,mi,wayne,41.941422,-82.183114
520,mi,wayne,42.111628,-87.46961
521,mi,wayne,41.753475,-84.675958
522,mi,oakland,42.603788,-84.57416
523,mi,oakland,42.352221,-81.723478
524,mi,kalamazoo,42.161247,-82.338386
525,mi,wayne,42.441281,-83.306237
526,mi,oakland,42.688365,-82.015519
527,mi,kalamazoo,42.238584,-83.276731
528,mi,oakland,42.752226,-85.15487
529,mi,wayne,42.188387,-83.064992
530,mi,oakland,42.712405,-84.137717
531,mi,wayne,42.00056,-83.012001
532,mi,wayne,42.44534,-85.748754
533,mi,oakland,42.243798,-84.29101
534,mi,oakland,42.414356,-86.781166
535,mi,wayne,42.524549,-83.610613
536,mi,kalamazoo,42.229974,-81.754725
537,mi,oakland,42.679448,-84.320844
538,mi,wayne,42.191152,-83.433474
539,mi,kalamazoo,42.662088,-85.334848
540,mi,wayne,41.789485,-87.104448
541,mi,kalamazoo,42.66879,-86.577229
542,mi,oakland,42.667553,-83.106473
543,mi,wayne,42.045836,-83.869695
544,mi,oakland,42.895844,-86.146127
545,mi,oakland,42.403386,-81.436868
546,mi,oakland,42.179214,-80.615434
547,mi,kalamazoo,42.523062,-84.456409
548,mi,oakland,42.374211,-86.073132
549,mi,oakland,42.676761,-77.75271
550,mi,kalamazoo,42.336473,-88.652091
551,mi,oakland,42.614379,-81.529474
552,mi,wayne,41.920537,-84.641024
553,mi,kalamazoo,42.113155,-86.062728
554,mi,wayne,42.106959,-85.071802
555,mi,oakland,42.191041,-82.901249
556,mi,kalamazoo,42.254334,-85.872484
557,mi,oakland,42.520797,-86.290351
558,mi,oakland,42.565801,-84.081376
559,mi,oakland,42.559872,-82.450702
560,mi,wayne,42.432788,-83.144091
561,mi,kalamazoo,42.56668,-85.643826
562,mi,wayne,42.081456,-83.531856
563,mi,wayne,42.343531,-82.088082
564,mi,wayne,42.183768,-85.805471
565,mi,oakland,42.653265,-84.972809
566,mi,oakland,42.271026,-85.52697
567,mi,kalamazoo,42.279208,-82.576551
568,mi,wayne,41.90866,-79.992848
569,mi,wayne,42.377453,-86.279204
570,mi,wayne,42.054306,-85.430501
571,mi,wayne,42.316239,-85.326327
572,mi,oakland,42.09472,-83.901452
573,mi,wayne,42.442349,-83.735032
574,mi,wayne,42.249611,-82.475538
575,mi,wayne,41.771931,-85.148748
576,mi,wayne,42.151616,-84.46471
577,mi,wayne,42.576114,-85.806645
578,mi,wayne,41.922685,-82.768911
579,mi,oakland,42.343027,-89.033665
580,mi,kalamazoo,42.78367,-87.148611
581,mi,oakland,42.640223,-85.756782
582,mi,kalamazoo,42.084241,-88.245866
583,mi,wayne,41.964702,-84.638564
584,mi,oakland,42.466859,-83.995138
585,mi,kalamazoo,41.93962,-86.0478
586,mi,wayne,42.511753,-80.693219
587,mi,kalamazoo,42.413922,-83.673802
588,mi,wayne,42.665206,-82.207505
589,mi,wayne,42.311047,-86.479166
590,mi,wayne,41.871842,-83.415381
591,mi,oakland,42.298139,-85.245911
592,mi,oakland,42.279385,-86.097141
593,mi,oakland,42.302154,-82.571129
594,mi,wayne,42.599081,-81.756036
595,mi,wayne,42.309039,-86.597067
596,mi,wayne,42.179824,-83.48392
597,mi,wayne,42.222685,-84.071375
598,mi,kalamazoo,42.715519,-84.894449
599,mi,wayne,42.187556,-87.27488
600,mi,kalamazoo,42.273331,-82.701481
601,mi,kalamazoo,42.438894,-89.311182
602,mi,wayne,42.037581,-79.886201
603,mi,oakland,42.46234,-82.605168
604,mi,wayne,42.554752,-83.659228
605,mi,wayne,42.347757,-82.527208
606,mi,wayne,42.306287,-82.591569
607,mi,oakland,42.363093,-84.145595
608,mi,wayne,41.936356,-86.629418
609,mi,oakland,42.811132,-83.229834
610,mi,oakland,42.79854,-80.119255
611,mi,wayne,42.163354,-85.976978
612,mi,oakland,42.450953,-84.592287
613,mi,oakland,42.004962,-84.253458
614,mi,wayne,42.132116,-84.636649
615,mi,wayne,41.957114,-85.905072
616,mi,oakland,42.548981,-79.511461
617,mi,wayne,42.469656,-82.042746
618,mi,oakland,42.668852,-83.515286
619,mi,wayne,41.698872,-84.088863
620,mi,wayne,41.907681,-83.040607
621,mi,wayne,42.458304,-79.403181
622,mi,wayne,42.166155,-86.684313
623,mi,oakland,42.515669,-83.070288
624,mi,wayne,42.319711,-83.388391
625,mi,oakland,42.51663,-84.514122
626,mi,kalamazoo,42.222025,-83.973535
627,mi,oakland,41.997879,-83.884577
628,mi,oakland,42.671975,-79.968542
629,mi,wayne,42.050416,-80.97926
630,mi,wayne,42.572506,-84.120765
631,mi,oakland,42.360448,-83.614149
632,mi,wayne,42.129512,-81.168355
633,mi,oakland,42.306569,-80.173869
634,mi,wayne,41.949811,-85.87885
635,mi,oakland,42.630944,-80.788879
636,mi,kalamazoo,42.344664,-84.129831
637,mi,kalamazoo,42.788574,-82.510694
638,mi,oakland,42.507731,-84.112294
639,mi,oakland,42.773765,-81.591432
640,mi,oakland,42.604644,-83.904027
641,mi,oakland,42.480903,-83.545039
642,mi,wayne,42.072408,-84.552296
643,mi,wayne,42.2163,-84.642631
644,mi,wayne,42.194345,-87.549746
645,mi,kalamazoo,42.150031,-82.803342
646,mi,wayne,41.924893,-82.165796
647,mi,oakland,42.295679,-81.698429
648,mi,oakland,42.425723,-83.923293
649,mi,oakland,42.513588,-85.936854
650,mi,oakland,42.743023,-80.643133
651,mi,wayne,42.059992,-82.301592
652,mi,oakland,42.694728,-83.432515
653,mi,kalamazoo,42.022938,-81.811836
654,mi,wayne,42.05187,-84.56827
655,mi,wayne,42.559698,-82.129882
656,mi,oakland,42.564358,-85.191521
657,mi,kalamazoo,42.500701,-79.206963
658,mi,wayne,42.370127,-82.357823
659,mi,oakland,42.680273,-83.906231
660,mi,kalamazoo,42.215587,-85.700891
661,mi,wayne,42.006263,-84.05489
662,mi,kalamazoo,42.210723,-85.489369
663,mi,oakland,42.43183,-82.763976
664,mi,oakland,42.519698,-82.915275
665,mi,oakland,42.880574,-83.096532
666,mi,wayne,42.702723,-82.644621
667,mi,wayne,42.038185,-80.650834
668,mi,wayne,42.130118,-88.137368
669,mi,wayne,42.148999,-83.848352
670,mi,wayne,42.551637,-85.145133
671,mi,kalamazoo,42.216836,-82.464721
672,mi,kalamazoo,42.398602,-85.342914
673,mi,oakland,42.310879,-82.546509
674,mi,kalamazoo,42.292675,-86.535659
675,mi,oakland,42.321038,-84.878944
676,mi,wayne,41.901861,-81.481932
677,mi,wayne,42.349848,-81.478651
678,mi,oakland,42.501125,-83.735258
679,mi,oakland,42.443904,-81.207797
680,mi,wayne,41.694963,-84.378972
681,mi,oakland,42.278164,-80.530225
682,mi,wayne,42.030636,-86.621978
683,mi,oakland,42.555856,-83.990228
684,mi,kalamazoo,42.160768,-86.320064
685,mi,oakland,42.325129,-81.832879
686,mi,kalamazoo,42.355947,-85.395932
687,mi,kalamazoo,42.02544,-85.337787
688,mi,kalamazoo,42.365157,-84.402691
689,mi,kalamazoo,42.340221,-86.845185
690,mi,kalamazoo,41.699206,-81.400762
691,mi,oakland,42.172591,-87.179916
692,mi,wayne,42.182629,-86.767037
693,mi,wayne,41.9488,-82.252299
694,mi,oakland,42.943172,-82.474976
695,mi,wayne,42.04021,-83.452839
696,mi,wayne,41.697854,-84.251504
697,mi,kalamazoo,42.187555,-84.693343
698,mi,kalamazoo,42.785547,-88.873591
699,mi,kalamazoo,42.198081,-88.667019
700,mi,wayne,42.024159,-85.079204
701,mi,wayne,41.776413,-81.523816
702,mi,wayne,42.213912,-81.758289
703,mi,wayne,42.017087,-83.491433
704,mi,wayne,42.54866,-83.35544
705,mi,wayne,42.351989,-84.584913
706,mi,kalamazoo,42.479004,-86.097839
707,mi,oakland,42.025894,-83.265166
708,mi,wayne,42.032424,-86.599563
709,mi,wayne,42.197873,-85.137053
710,mi,oakland,43.27316,-86.178884
711,mi,wayne,41.846769,-81.610898
712,mi,kalamazoo,42.266745,-83.301595
713,mi,wayne,42.245098,-84.514614
714,mi,wayne,41.805227,-81.207834
715,mi,wayne,41.827887,-82.232188
716,mi,wayne,42.37975,-83.603836
717,mi,oakland,42.423963,-85.217452
718,mi,oakland,42.615686,-89.341858
719,mi,oakland,42.678932,-83.011047
720,mi,wayne,42.094296,-82.865395
721,mi,oakland,42.156611,-88.075985
722,mi,oakland,42.617144,-80.616908
723,mi,kalamazoo,41.86515,-87.10496
724,mi,wayne,42.338081,-82.63222
725,mi,wayne,42.890777,-81.198685
726,mi,oakland,42.708856,-84.777577
727,mi,oakland,42.631201,-80.259173
728,mi,wayne,42.108902,-83.584429
729,mi,wayne,42.185338,-84.678997
730,mi,wayne,42.217241,-82.862056
731,mi,kalamazoo,42.669997,-85.378785
732,mi,wayne,42.318682,-83.669131
733,mi,kalamazoo,42.45994,-85.500117
734,mi,oakland,42.643368,-81.793528
735,mi,kalamazoo,42.033336,-82.795249
736,mi,kalamazoo,42.258381,-85.939593
737,mi,wayne,41.972498,-82.753599
738,mi,kalamazoo,42.298845,-84.258386
739,mi,wayne,42.247555,-82.132831
740,mi,kalamazoo,42.994071,-84.920616
741,mi,oakland,42.316357,-87.289627
742,mi,wayne,41.851171,-80.879303
743,mi,oakland,42.679981,-85.949972
744,mi,kalamazoo,42.916053,-84.346471
745,mi,wayne,42.265079,-78.86155
746,mi,oakland,42.934864,-81.687725
747,mi,oakland,42.707303,-81.40443
748,mi,kalamazoo,42.239758,-84.426414
749,mi,wayne,42.29358,-83.603565
750,mi,wayne,41.908645,-83.882261
751,mi,wayne,41.903017,-83.221255
752,mi,oakland,42.054886,-82.567923
753,mi,wayne,41.742181,-84.156946
754,mi,kalamazoo,42.426025,-83.417707
755,mi,wayne,42.31809,-82.710532
756,mi,oakland,42.220182,-81.288783
757,mi,wayne,41.8759,-81.160848
758,mi,wayne,42.306926,-80.632197
759,mi,wayne,42.156217,-84.987528
760,mi,wayne,41.826837,-85.713159
761,mi,oakland,42.090806,-81.365994
762,mi,kalamazoo,42.566854,-83.8926
763,mi,oakland,42.49174,-79.128081
764,mi,kalamazoo,42.275463,-84.558166
765,mi,kalamazoo,42.288037,-85.676616
766,mi,oakland,42.657744,-84.516993
767,mi,kalamazoo,42.124856,-83.637061
768,mi,oakland,42.375598,-82.983036
769,mi,wayne,42.064668,-83.373103
770,mi,oakland,42.331678,-84.531178
771,mi,wayne,41.945067,-81.66334
772,mi,oakland,42.542971,-81.412898
773,mi,oakland,42.756347,-84.169829
774,mi,wayne,42.370396,-83.378241
775,mi,wayne,42.110332,-80.845266
776,mi,kalamazoo,42.438442,-85.704849
777,mi,oakland,42.622198,-85.781425
778,mi,wayne,42.211828,-86.349183
779,mi,oakland,42.2539,-82.080721
780,mi,oakland,41.832439,-79.644976
781,mi,oakland,42.708623,-86.927066
782,mi,kalamazoo,42.899625,-79.651792
783,mi,oakland,42.454877,-85.102978
784,mi,wayne,42.571576,-84.03758
785,mi,kalamazoo,42.34026,-82.565421
786,mi,kalamazoo,42.261622,-85.482109
787,mi,wayne,41.831901,-84.611086
788,mi,wayne,42.084808,-85.827126
789,mi,wayne,41.863016,-83.282797
790,mi,oakland,42.037574,-85.008326
791,mi,oakland,42.986148,-83.940937
792,mi,oakland,42.382319,-83.949892
793,mi,kalamazoo,42.216462,-83.850262
794,mi,oakland,42.626217,-84.031517
795,mi,wayne,42.096541,-80.724454
796,mi,wayne,41.772424,-83.465164
797,mi,wayne,42.183812,-84.903366
798,mi,wayne,42.121216,-85.173353
799,mi,oakland,42.659292,-85.926413
800,mi,kalamazoo,42.565583,-85.14661
801,mi,wayne,42.037992,-85.359394
802,mi,oakland,42.757664,-84.553724
803,mi,oakland,42.208188,-81.147073
804,mi,wayne,41.923924,-83.538965
805,mi,wayne,42.354701,-83.034085
806,mi,wayne,42.582713,-85.019901
807,mi,wayne,42.097372,-83.616356
808,mi,kalamazoo,42.455309,-82.422754
809,mi,wayne,42.168404,-83.625328
810,mi,wayne,41.779252,-83.125238
811,mi,oakland,42.337425,-82.013127
812,mi,kalamazoo,42.197579,-85.481276
813,mi,wayne,41.784933,-86.972904
814,mi,wayne,42.615247,-83.090632
815,mi,wayne,42.251084,-85.17459
816,mi,wayne,42.368881,-81.95972
817,mi,wayne,41.949393,-85.469011
818,mi,oakland,42.316868,-83.306565
819,mi,wayne,42.191777,-83.273212
820,mi,wayne,42.474683,-84.779914
821,mi,kalamazoo,42.028335,-84.999802
822,mi,wayne,41.726729,-81.958525
823,mi,wayne,42.174491,-84.026076
824,mi,wayne,42.051612,-81.530008
825,mi,kalamazoo,42.519537,-85.492744
826,mi,wayne,42.297942,-81.623259
827,mi,kalamazoo,42.383882,-85.41093
828,mi,oakland,42.595292,-85.328173
829,mi,wayne,42.167776,-83.816253
830,mi,kalamazoo,42.202534,-88.453042
831,mi,wayne,41.893101,-84.32179
832,mi,wayne,42.37376,-82.778353
833,mi,kalamazoo,42.534919,-82.514173
834,mi,oakland,42.582327,-82.969413
835,mi,oakland,42.256752,-79.276657
836,mi,wayne,41.795539,-83.112532
837,mi,wayne,42.3582,-81.656525
838,mi,oakland,42.211228,-84.089806
839,mi,wayne,41.950261,-87.310868
840,mi,wayne,42.182582,-84.785231
841,mi,wayne,42.526371,-82.119651
842,mi,wayne,42.16035,-84.295399
843,mi,kalamazoo,42.328779,-85.511748
844,mi,wayne,42.167385,-79.546728
845,mi,kalamazoo,42.033811,-85.337284
846,mi,wayne,42.326597,-84.150282
847,mi,oakland,42.895135,-81.893082
848,mi,wayne,41.970277,-82.941863
849,mi,wayne,41.973848,-84.943317
850,mi,wayne,42.114951,-80.822478
851,mi,wayne,42.336361,-83.395155
852,mi,oakland,42.695297,-82.712763
853,mi,kalamazoo,42.007527,-85.290275
854,mi,oakland,42.48171,-81.726619
855,mi,wayne,42.008382,-85.175329
856,mi,wayne,42.138613,-84.640849
857,mi,wayne,42.069123,-83.511759
858,mi,oakland,42.404239,-81.323635
859,mi,oakland,42.853574,-81.524179
860,mi,kalamazoo,41.857201,-86.283947
861,mi,wayne,42.105337,-87.042547
862,mi,oakland,42.281027,-83.63286
863,mi,wayne,42.037756,-83.3327
864,mi,oakland,42.154793,-84.170565
865,mi,oakland,42.537977,-83.229597
866,mi,oakland,42.611723,-82.472851
867,mi,oakland,42.398223,-83.009762
868,mi,wayne,41.950002,-83.890457
869,mi,oakland,42.236096,-81.119151
870,mi,wayne,42.081626,-81.222113
871,mi,oakland,42.577874,-85.021325
872,mi,wayne,42.212777,-81.730563
873,mi,oakland,42.480605,-83.101941
874,mi,kalamazoo,42.162136,-84.951794
875,mi,kalamazoo,42.359475,-86.157632
876,mi,kalamazoo,42.030176,-82.424059
877,mi,oakland,42.65103,-84.345316
878,mi,oakland,42.554914,-86.207157
879,mi,oakland,42.005732,-81.081734
880,mi,kalamazoo,42.357388,-85.095405
881,mi,wayne,42.208164,-76.897737
882,mi,kalamazoo,42.517274,-87.090881
883,mi,kalamazoo,41.879906,-82.890928
884,mi,oakland,42.714024,-82.099878
885,mi,wayne,41.94678,-82.623429
886,mi,wayne,41.969164,-82.024436
887,mi,kalamazoo,42.545664,-86.086946
888,mi,wayne,42.432953,-83.120295
889,mi,kalamazoo,42.422968,-87.619267
890,mi,wayne,42.208054,-84.701169
891,mi,wayne,42.268658,-80.415675
892,mi,kalamazoo,42.37238,-86.80171
893,mi,oakland,42.656617,-82.446423
894,mi,oakland,43.01465,-82.742064
895,mi,oakland,42.353631,-81.708718
896,mi,wayne,42.11808,-83.189498
897,mi,oakland,42.267881,-83.49487
898,mi,wayne,42.157701,-83.606697
899,mi,kalamazoo,42.152278,-84.423542
900,mi,kalamazoo,42.069132,-87.317989
901,mi,wayne,42.327384,-82.1145
902,mi,oakland,42.173099,-86.90911
903,mi,oakland,42.247814,-83.506598
904,mi,wayne,42.438587,-83.655489
905,mi,kalamazoo,42.10766,-84.702828
906,mi,wayne,42.121496,-86.112015
907,mi,wayne,41.806234,-86.046395
908,mi,oakland,43.119963,-81.530037
909,mi,oakland,42.351571,-81.033466
910,mi,oakland,42.357986,-81.099639
911,mi,oakland,42.520077,-84.567702
912,mi,oakland,42.669955,-82.974961
913,mi,oakland,42.599567,-82.818986
914,mi,wayne,42.201254,-81.748892
915,mi,wayne,42.795952,-80.852416
916,mi,wayne,42.204911,-83.971214
917,mi,wayne,42.099816,-85.862259
918,mi,oakland,42.666136,-85.279845
919,mi,wayne,42.056886,-82.009303
920,mi,wayne,42.090669,-84.334576
921,mi,wayne,41.85063,-80.939347
922,mi,kalamazoo,42.091695,-86.171752
923,mi,kalamazoo,41.852068,-85.039722
924,mi,oakland,42.416676,-82.886284
925,mi,kalamazoo,42.006342,-83.531638
926,mi,oakland,42.040197,-83.434355
927,mi,oakland,42.528872,-83.134452
928,mi,wayne,42.189439,-81.772657
929,mi,oakland,42.831175,-83.561216
930,mi,oakland,42.258039,-82.128565
931,mi,oakland,42.42994,-80.720761
932,mi,oakland,42.349508,-84.966022
933,mi,oakland,42.535948,-86.730836
934,mi,oakland,42.383143,-83.909681
935,mi,kalamazoo,42.355118,-86.992544
936,mi,wayne,41.930125,-81.036173
937,mi,oakland,42.496635,-81.520726
938,mi,wayne,42.014553,-83.458902
939,mi,oakland,42.553634,-79.75489
940,mi,oakland,42.445595,-83.582538
941,mi,wayne,42.424538,-84.109623
942,mi,oakland,42.571157,-81.228082
943,mi,wayne,42.00604,-82.669075
944,mi,oakland,42.936388,-81.407364
945,mi,wayne,42.221233,-83.798643
946,mi,oakland,42.34892,-85.226372
947,mi,wayne,42.527406,-80.719058
948,mi,oakland,42.335721,-82.574626
949,mi,wayne,42.177832,-80.981169
950,mi,kalamazoo,42.3957,-85.045638
951,mi,kalamazoo,42.164579,-84.318264
952,mi,kalamazoo,42.212954,-84.55863
953,mi,oakland,42.481007,-83.994984
954,mi,oakland,42.256815,-82.221609
955,mi,wayne,42.160643,-79.775158
956,mi,wayne,41.891914,-82.099404
957,mi,wayne,42.129338,-79.150483
958,mi,oakland,42.637243,-82.600623
959,mi,kalamazoo,42.279974,-86.406242
960,mi,wayne,42.227848,-86.114605
961,mi,kalamazoo,41.965929,-82.975123
962,mi,oakland,42.059469,-83.889147
963,mi,oakland,42.237718,-84.054941
964,mi,wayne,42.196136,-81.380889
965,mi,wayne,42.454408,-85.187906
966,mi,oakland,42.38351,-75.1449
967,mi,oakland,42.437496,-85.014422
968,mi,wayne,41.97105,-83.83828
969,mi,oakland,42.401816,-83.71874
970,mi,kalamazoo,42.294643,-85.056816
971,mi,kalamazoo,42.061128,-84.261338
972,mi,kalamazoo,42.330262,-84.006837
973,mi,wayne,41.721386,-83.036312
974,mi,wayne,41.653601,-83.701142
975,mi,oakland,42.664484,-81.158442
976,mi,wayne,42.233615,-81.999219
977,mi,wayne,42.075249,-84.368336
978,mi,wayne,42.82319,-81.695679
979,mi,wayne,41.856754,-86.819328
980,mi,wayne,42.033733,-80.966263
981,mi,wayne,42.162185,-87.79804
982,mi,wayne,42.105677,-83.354803
983,mi,wayne,41.546083,-83.301668
984,mi,oakland,42.246658,-86.921093
985,mi,oakland,42.901127,-85.365204
986,mi,oakland,42.333179,-84.611166
987,mi,wayne,42.15056,-79.817379
988,mi,wayne,41.850953,-83.963607
989,mi,oakland,42.530215,-84.987583
990,mi,oakland,42.419278,-82.061
991,mi,oakland,42.311074,-83.927285
992,mi,wayne,42.042162,-83.557613
993,mi,kalamazoo,42.360788,-83.826878
994,mi,wayne,42.634389,-88.666953
995,mi,wayne,42.108152,-86.078872
996,mi,oakland,42.403657,-81.488265
997,mi,oakland,42.799448,-80.760571
998,mi,wayne,42.458823,-83.69787
999,mi,wayne,42.499633,-80.1563
