member_id,county,latitude,longitude
5974539746,wayne,42.387617,-83.79689
1348510517,wayne,42.244331,-83.708048
0105786458,wayne,42.245485,-83.936705
9799586878,wayne,42.457543,-83.983872
3992961745,wayne,42.387537,-83.948909
4034934815,wayne,42.011353,-83.418956
0006339669,wayne,42.139059,-83.770009
3050243720,wayne,42.075182,-83.716115
5956919002,wayne,42.269201,-83.536718
1742654932,wayne,42.377855,-83.981249
9588936536,wayne,42.035353,-83.714829
1065482884,wayne,42.090257,-83.515172
8988066107,wayne,42.128236,-83.786068
7865999107,wayne,42.208376,-83.678433
1797978076,wayne,42.491031,-83.521862
8724237624,wayne,42.344888,-83.539875
8135873727,wayne,42.447681,-83.932955
1817723440,wayne,42.132591,-83.895176
7634100582,wayne,42.079325,-83.71224
0650791107,wayne,42.489337,-83.403148
5800476407,wayne,42.261338,-83.949225
3929846296,wayne,42.171923,-83.806514
9265664195,wayne,42.069216,-83.524275
0405603047,wayne,42.2261,-83.874943
3280171530,wayne,42.106242,-83.747155
3663098194,wayne,42.137596,-83.802761
9542836796,wayne,42.147053,-83.645231
2875992743,wayne,42.112926,-83.71682
7759836759,wayne,42.432609,-83.444855
0556688089,wayne,42.498053,-83.472022
5666470737,wayne,42.223176,-83.588224
4176036569,wayne,42.338372,-83.893219
9666468411,wayne,42.03172,-83.582995
4424866372,wayne,42.254484,-83.575484
4694509835,wayne,42.050469,-83.520944
4631107780,wayne,42.392142,-83.461179
8350153512,wayne,42.458626,-83.844879
1261157442,wayne,42.409231,-83.996127
9574357387,wayne,42.475584,-83.447716
8447127308,wayne,42.187988,-83.44313
7968303716,wayne,42.13033,-83.993844
4773434262,wayne,42.208871,-83.79963
7846700845,wayne,42.009128,-83.724183
6513247546,wayne,42.148727,-83.542849
3147930072,wayne,42.018282,-83.654606
4529146121,wayne,42.393986,-83.80155
0388647506,wayne,42.007684,-83.79461
0527675117,wayne,42.146147,-83.524317
9773477695,wayne,42.357752,-83.87782
5907601896,wayne,42.004248,-83.970257
2715253178,wayne,42.051985,-83.793713
0685551113,wayne,42.42111,-83.863535
7924196873,wayne,42.284969,-83.882283
7571384437,wayne,42.026757,-83.737108
5507680935,wayne,42.213987,-83.536319
0554014490,wayne,42.123778,-83.632634
8811258018,wayne,42.466053,-83.668463
8373064701,wayne,42.148145,-83.402622
3137489225,wayne,42.388156,-83.594549
7195069116,wayne,42.485845,-83.857305
1790359153,wayne,42.215426,-83.512555
4544382578,wayne,42.199038,-83.925732
8335952111,wayne,42.209326,-83.939996
6296830522,wayne,42.402901,-83.837788
5808317748,wayne,42.029745,-83.637615
5927772650,wayne,42.415533,-83.536664
5243166102,wayne,42.094139,-83.572848
1016489593,wayne,42.185649,-83.571446
1803240384,wayne,42.338411,-83.732484
6792375025,wayne,42.260131,-83.71791
0192756265,wayne,42.471111,-83.74749
1436790452,wayne,42.084459,-83.50442
1979452854,wayne,42.172072,-83.785527
0730181931,wayne,42.21723,-83.8149
0155864311,wayne,42.117438,-83.922869
7701937454,wayne,42.101811,-83.869811
3076202352,wayne,42.091727,-83.543952
4219429724,wayne,42.147917,-83.622554
0526564111,wayne,42.045414,-83.748673
9416834734,wayne,42.321255,-83.503952
8128282098,wayne,42.172209,-83.524402
0911448514,wayne,42.032151,-83.533043
0870818493,wayne,42.261789,-83.414781
3131497216,wayne,42.438947,-83.981464
8245938420,wayne,42.39667,-83.930928
1518629656,wayne,42.273491,-83.662833
6626364222,wayne,42.004455,-83.912272
8581168905,wayne,42.356185,-83.627533
1853193796,wayne,42.404277,-83.529436
9021624401,wayne,42.074837,-83.723321
2453345080,wayne,42.098294,-83.738006
3329826935,wayne,42.310966,-83.466278
7397322577,wayne,42.429721,-83.581021
9182983870,wayne,42.171097,-83.928718
2425851839,wayne,42.20164,-83.908604
1646107602,wayne,42.396162,-83.818438
0715514781,wayne,42.305767,-83.877974
4599447781,wayne,42.161168,-83.55686
2542978078,wayne,42.444188,-83.909164
3975628249,wayne,42.164603,-83.872666
0509841464,wayne,42.278283,-83.606666
3443285957,wayne,42.380143,-83.936195
9038613877,wayne,42.082202,-83.544206
5566143337,wayne,42.490142,-83.455789
3981303963,wayne,42.096565,-83.790434
3076580977,wayne,42.399939,-83.702256
0321697125,wayne,42.13542,-83.64604
3375073833,wayne,42.234367,-83.8783
4366360012,wayne,42.328972,-83.562545
0128893104,wayne,42.021205,-83.772007
9178922782,wayne,42.265111,-83.806288
5077452320,wayne,42.423999,-83.748212
8420545827,wayne,42.311951,-83.935883
7730263556,wayne,42.219119,-83.924504
1523568201,wayne,42.009784,-83.490673
9934051193,wayne,42.182973,-83.645303
3841701329,wayne,42.494465,-83.409263
4054054430,wayne,42.123555,-83.481384
0264430815,wayne,42.444876,-83.481392
8600804137,wayne,42.269571,-83.672842
4973459189,wayne,42.218972,-83.575081
7290821660,wayne,42.46693,-83.955153
2858703037,wayne,42.022053,-83.787838
5938343719,wayne,42.047636,-83.713455
4489153756,wayne,42.093526,-83.51611
7086367129,wayne,42.219227,-83.96048
1622464107,wayne,42.430131,-83.566431
8832495606,wayne,42.445625,-83.64811
8995641569,wayne,42.007189,-83.555923
9908658614,wayne,42.09409,-83.983965
1312776695,wayne,42.052295,-83.734624
2367216644,wayne,42.404121,-83.790235
1811973282,wayne,42.026863,-83.500752
0403656872,wayne,42.404079,-83.434376
4044664795,wayne,42.291626,-83.549907
4882780040,wayne,42.077254,-83.526673
0581637566,wayne,42.419406,-83.692655
5215887738,wayne,42.044363,-83.662988
2126063802,wayne,42.43555,-83.903222
8044298261,wayne,42.39132,-83.955028
4343154779,wayne,42.330061,-83.538699
4293837723,wayne,42.395459,-83.866168
5687017243,wayne,42.131649,-83.577113
1288561630,wayne,42.035518,-83.613136
3748976059,wayne,42.308681,-83.647835
9440742532,wayne,42.02942,-83.735173
7747142314,wayne,42.154681,-83.6601
4364100337,wayne,42.423381,-83.426308
5777064387,wayne,42.154157,-83.578464
3922663085,wayne,42.308401,-83.504591
9036988469,wayne,42.350328,-83.777886
7698382097,wayne,42.091066,-83.548623
7373580169,wayne,42.0959,-83.700201
9305382284,wayne,42.196807,-83.405728
6892187487,wayne,42.329103,-83.791904
5706955743,wayne,42.242364,-83.979292
0516237075,wayne,42.463438,-83.8501
2009333437,wayne,42.223288,-83.880407
8863875732,wayne,42.382841,-83.852423
1730608901,wayne,42.11022,-83.91373
4016579031,wayne,42.099825,-83.781285
7650611377,wayne,42.173777,-83.599089
2971473567,wayne,42.156915,-83.607758
9861396104,wayne,42.043328,-83.552873
3364850490,wayne,42.061574,-83.624998
7135523806,wayne,42.397841,-83.719516
2172236253,wayne,42.2933,-83.481426
0467393198,wayne,42.046873,-83.79321
4323895285,wayne,42.159017,-83.670877
3718537452,wayne,42.239507,-83.67866
0744472799,wayne,42.444893,-83.599992
9214413127,wayne,42.481811,-83.825174
6743398249,wayne,42.212584,-83.621311
2629812353,wayne,42.000246,-83.407444
3916562773,wayne,42.016927,-83.941486
9070667647,wayne,42.457407,-83.480432
2889896594,wayne,42.271769,-83.58251
2301143070,wayne,42.14755,-83.842474
9213853760,wayne,42.232247,-83.651765
8285336943,wayne,42.115387,-83.655824
1432473859,wayne,42.184766,-83.798375
5697193440,wayne,42.434936,-83.844525
1380622531,wayne,42.316633,-83.513604
3956055478,wayne,42.095008,-83.954991
3796449669,wayne,42.399905,-83.825241
7424738760,wayne,42.146444,-83.522767
2597333977,wayne,42.267452,-83.664125
4483284504,wayne,42.319061,-83.953797
6080096203,wayne,42.091875,-83.485709
7415871906,wayne,42.387313,-83.790387
3990602233,wayne,42.102867,-83.543384
9844080918,wayne,42.433192,-83.44337
3561888103,wayne,42.092731,-83.817834
6374348668,wayne,42.406687,-83.663515
1897143816,wayne,42.218168,-83.688273
5039164399,wayne,42.402351,-83.439004
3767434235,wayne,42.295766,-83.6894
7765330675,wayne,42.10631,-83.958327
4689852111,wayne,42.22031,-83.731221
3311123215,wayne,42.147411,-83.695602
1059492941,wayne,42.229843,-83.770418
4326131028,wayne,42.490623,-83.870131
9829111511,wayne,42.460649,-83.909899
8419607488,wayne,42.34704,-83.451867
1344950630,wayne,42.208043,-83.929491
6565620872,wayne,42.137975,-83.496949
4374313969,wayne,42.398304,-83.608596
0595133105,wayne,42.399545,-83.722071
5874017268,wayne,42.098628,-83.553704
7591952777,wayne,42.328909,-83.683978
0639457705,wayne,42.321117,-83.613904
4018923930,wayne,42.454021,-83.846715
4324116188,wayne,42.068027,-83.846063
4779547882,wayne,42.34578,-83.687257
5220563004,wayne,42.311575,-83.407107
2192416662,wayne,42.021411,-83.591726
5866771035,wayne,42.29309,-83.886295
4392387872,wayne,42.016105,-83.598016
9271418889,wayne,42.180775,-83.770288
6328740619,wayne,42.015158,-83.565078
8271315832,wayne,42.282962,-83.822229
7848852650,wayne,42.352079,-83.969655
6251832807,wayne,42.203516,-83.46524
8343515657,wayne,42.286502,-83.456972
4984739950,wayne,42.467833,-83.942414
1418066965,wayne,42.051949,-83.61123
4023690233,wayne,42.048642,-83.447827
3849376082,wayne,42.446938,-83.762335
3443384970,wayne,42.074385,-83.984805
0370827986,wayne,42.397984,-83.698612
9879695450,wayne,42.258486,-83.967407
5844805990,wayne,42.489299,-83.619304
5362668077,wayne,42.463539,-83.494551
4027640774,wayne,42.329745,-83.771521
4556972743,wayne,42.008914,-83.77635
5125539523,wayne,42.37338,-83.571522
0560796027,wayne,42.317799,-83.873686
3419760856,wayne,42.18577,-83.81222
6870159565,wayne,42.362226,-83.401862
9236424061,wayne,42.246369,-83.935963
1697817991,wayne,42.397543,-83.994534
8019651659,wayne,42.478625,-83.952738
7304317625,wayne,42.258047,-83.555489
7719563058,wayne,42.497346,-83.875096
1517640225,wayne,42.287389,-83.730102
2893688907,wayne,42.361296,-83.917331
3000897517,wayne,42.362285,-83.661696
2819816810,wayne,42.167463,-83.978097
9592531175,wayne,42.387764,-83.542944
0710007387,wayne,42.02761,-83.934453
8348207132,wayne,42.056295,-83.676146
3646899523,wayne,42.1576,-83.792481
1491561910,wayne,42.013075,-83.958592
8705889613,wayne,42.033515,-83.457666
8426215033,wayne,42.130678,-83.738206
2536050127,wayne,42.084397,-83.751323
2110617967,wayne,42.349684,-83.477812
6171126564,wayne,42.161425,-83.812204
9625851493,wayne,42.250824,-83.538156
6694239907,wayne,42.10951,-83.967333
7072342258,wayne,42.489826,-83.695102
8775978963,wayne,42.179053,-83.586974
3435745286,wayne,42.286471,-83.684279
1913458416,wayne,42.494179,-83.40419
6857748334,wayne,42.055732,-83.767161
6850684599,wayne,42.223139,-83.765764
3628382377,wayne,42.485575,-83.592717
4201269762,wayne,42.443437,-83.549867
2438147756,wayne,42.082288,-83.768597
8174870529,wayne,42.070908,-83.874625
4009641862,wayne,42.197942,-83.526188
1912100091,wayne,42.060848,-83.724404
7382632231,wayne,42.294466,-83.838699
6133308215,wayne,42.343239,-83.654525
6804791562,wayne,42.284328,-83.907368
3380523731,wayne,42.097934,-83.821314
2797591237,wayne,42.100713,-83.935575
9718146384,wayne,42.109733,-83.743808
8757692885,wayne,42.353917,-83.614809
5965056897,wayne,42.180845,-83.938755
2329849044,wayne,42.282394,-83.903551
4590747485,wayne,42.079454,-83.991064
0075293341,wayne,42.139794,-83.452437
9848418417,wayne,42.099817,-83.474492
5000955695,wayne,42.303627,-83.446112
1183545775,wayne,42.403703,-83.495668
3207272378,wayne,42.124745,-83.758748
6379546257,wayne,42.490462,-83.761695
2814602914,wayne,42.006291,-83.819168
7442123350,wayne,42.456612,-83.75255
7235038095,wayne,42.39432,-83.465
5384927453,wayne,42.431692,-83.726548
9002439972,wayne,42.177009,-83.880251
9054136741,wayne,42.402378,-83.829832
1813085735,wayne,42.010988,-83.875331
2347159184,wayne,42.167821,-83.40594
9243696558,wayne,42.366772,-83.585785
9865419941,wayne,42.176398,-83.744184
3928019448,wayne,42.468116,-83.887074
3261831721,wayne,42.039901,-83.987785
0213129900,wayne,42.14768,-83.873506
6550066156,wayne,42.315344,-83.484064
9563201866,wayne,42.228152,-83.787824
0105471726,wayne,42.073173,-83.484105
2811161014,wayne,42.196898,-83.514696
3182121725,wayne,42.123118,-83.938951
7114390182,wayne,42.427921,-83.834753
1394130049,wayne,42.08584,-83.807285
8497641510,wayne,42.208484,-83.579029
4110209841,wayne,42.294305,-83.668392
2188934987,wayne,42.023164,-83.612919
6753563825,wayne,42.039354,-83.572674
5995425834,wayne,42.185114,-83.474371
0436773492,wayne,42.080038,-83.863384
7676978879,wayne,42.2071,-83.679755
1235484342,wayne,42.120668,-83.49568
2951049061,wayne,42.407692,-83.618476
1421441842,wayne,42.373514,-83.570096
1532055268,wayne,42.037852,-83.787574
2892622393,wayne,42.305668,-83.493691
7101088101,wayne,42.048117,-83.565278
6688670917,wayne,42.386383,-83.729928
9904607137,wayne,42.311235,-83.401382
5095916422,wayne,42.11285,-83.423908
7300956787,wayne,42.223892,-83.532743
3298604629,wayne,42.200019,-83.934686
0349277317,wayne,42.284949,-83.4079
3965015008,wayne,42.010195,-83.663094
0627300882,wayne,42.324425,-83.723548
5597329687,wayne,42.057648,-83.787735
6296726377,wayne,42.325505,-83.646431
2031883531,wayne,42.199794,-83.428916
0659659626,wayne,42.150738,-83.892148
7444317468,wayne,42.24982,-83.752719
8497216332,wayne,42.06747,-83.944934
0060350437,wayne,42.292744,-83.736079
7565973787,wayne,42.119106,-83.654814
7276727408,wayne,42.356475,-83.519384
8136123642,wayne,42.190004,-83.727586
1245125013,wayne,42.211852,-83.995911
2435934785,wayne,42.155416,-83.650363
6989957893,wayne,42.345762,-83.441301
2552677495,wayne,42.317673,-83.97797
1787498686,wayne,42.315332,-83.885931
1084942349,wayne,42.327631,-83.577352
9458220626,wayne,42.451742,-83.880208
7556135825,wayne,42.347327,-83.857348
1635649153,wayne,42.008903,-83.608479
0762964302,wayne,42.309996,-83.930261
6938253230,wayne,42.498868,-83.836345
2726203538,wayne,42.498866,-83.527152
3951233166,wayne,42.181282,-83.920269
9218804053,wayne,42.043017,-83.659641
4969728978,wayne,42.393261,-83.458439
6267778744,wayne,42.353546,-83.847189
1653136219,wayne,42.283454,-83.525829
9148301010,wayne,42.20739,-83.478099
2400503448,wayne,42.033584,-83.826028
3710311471,wayne,42.406056,-83.731017
0411348576,wayne,42.279355,-83.443781
4688079193,wayne,42.258228,-83.741563
0289177555,wayne,42.079548,-83.503868
0367168182,wayne,42.488957,-83.521193
7319778627,wayne,42.484814,-83.477467
9959542463,wayne,42.496024,-83.563532
2291866936,wayne,42.103961,-83.991222
1211492434,wayne,42.407856,-83.434284
8130685548,wayne,42.032616,-83.880997
6710294607,wayne,42.368133,-83.475965
2225933147,wayne,42.137804,-83.53376
7047809726,wayne,42.306079,-83.775633
6926959597,wayne,42.312829,-83.540411
5847876614,wayne,42.459787,-83.736958
3215626709,wayne,42.01538,-83.741795
3336026920,wayne,42.042869,-83.520903
5370644219,wayne,42.377106,-83.809051
0985765047,wayne,42.47393,-83.947924
0960327221,wayne,42.423992,-83.874466
5522809051,wayne,42.489504,-83.501803
8573597048,wayne,42.238138,-83.663025
6073957455,wayne,42.313823,-83.481783
0685119393,wayne,42.424438,-83.630086
0047692675,wayne,42.355024,-83.813601
3263057504,wayne,42.047684,-83.559774
8081306922,wayne,42.121797,-83.919897
1055013286,wayne,42.218125,-83.647833
2071687303,wayne,42.22101,-83.721818
7773738570,wayne,42.378635,-83.577219
7509955912,wayne,42.288434,-83.522338
1146841521,wayne,42.020362,-83.937017
0268789412,wayne,42.048699,-83.758034
4901175414,wayne,42.376182,-83.821767
5277168622,wayne,42.40017,-83.547327
2143578197,wayne,42.061534,-83.738827
7771535950,wayne,42.253805,-83.412675
6661591827,wayne,42.104044,-83.987176
6628252626,wayne,42.410317,-83.797377
7142093271,wayne,42.263752,-83.864739
8445041544,wayne,42.386404,-83.465334
9829372728,wayne,42.272125,-83.560085
1047415786,wayne,42.172785,-83.594314
4140634247,wayne,42.213557,-83.406697
5820204626,wayne,42.16515,-83.807593
4840902947,wayne,42.35355,-83.896573
3630297914,wayne,42.228483,-83.824108
7785172823,wayne,42.096751,-83.774119
4994101248,wayne,42.364755,-83.808796
3930399542,wayne,42.447805,-83.930034
6527043138,wayne,42.206915,-83.514272
5565465326,wayne,42.002005,-83.781806
7836612107,wayne,42.051869,-83.480035
1146851338,wayne,42.403613,-83.629628
3479677679,wayne,42.459519,-83.450479
6475882640,wayne,42.405908,-83.587196
5995661059,wayne,42.291504,-83.694955
1244922145,wayne,42.380629,-83.812677
3120444656,wayne,42.473138,-83.665909
0906706644,wayne,42.158901,-83.624125
3040293510,wayne,42.232199,-83.897292
6869953420,wayne,42.166096,-83.863276
5104344973,wayne,42.231906,-83.497045
5648112191,wayne,42.065997,-83.837047
5221758420,wayne,42.118928,-83.791104
0922314979,wayne,42.182118,-83.874717
4365380071,wayne,42.010302,-83.693654
2577528336,wayne,42.155549,-83.687069
7991161092,wayne,42.454819,-83.548295
6920701068,wayne,42.000762,-83.595558
0570068039,wayne,42.017064,-83.530723
9805497004,wayne,42.221769,-83.51568
0195171890,wayne,42.232049,-83.432413
3676065660,wayne,42.493547,-83.854852
3734389956,wayne,42.348999,-83.6708
8787073888,wayne,42.39258,-83.673383
0761747213,wayne,42.030971,-83.80995
2018361696,wayne,42.252742,-83.655269
0432549564,wayne,42.03651,-83.751694
9265370660,wayne,42.014956,-83.44538
1342791655,wayne,42.041459,-83.853593
5873805709,wayne,42.435959,-83.596745
8219800360,wayne,42.432713,-83.540027
3996143389,wayne,42.132069,-83.605495
5717165736,wayne,42.25343,-83.902168
9556533626,wayne,42.432219,-83.929745
4536060209,wayne,42.491637,-83.487863
6734508157,wayne,42.028829,-83.988176
0179027909,wayne,42.166728,-83.422144
6588526450,wayne,42.250343,-83.50137
6575402672,wayne,42.048803,-83.859822
6769771563,wayne,42.342447,-83.870094
2408567465,wayne,42.49671,-83.413117
4936625903,wayne,42.484364,-83.43028
4211056295,wayne,42.122024,-83.45566
7341072659,wayne,42.199287,-83.630385
9382456169,wayne,42.024254,-83.776041
2799729039,wayne,42.457662,-83.675476
0030894023,wayne,42.338759,-83.823615
1614334601,wayne,42.344027,-83.946531
2183409813,wayne,42.32089,-83.670003
0334662977,wayne,42.368409,-83.912367
7477054866,wayne,42.368789,-83.568943
3067492732,wayne,42.340107,-83.921888
1250758713,wayne,42.298021,-83.79703
2404612361,wayne,42.229499,-83.521643
8437352889,wayne,42.135941,-83.59789
0259149342,wayne,42.466616,-83.510989
5110975259,wayne,42.083455,-83.681833
1446256678,wayne,42.305064,-83.964225
0932356051,wayne,42.310786,-83.490687
1674151250,wayne,42.251857,-83.750097
5961591213,wayne,42.168825,-83.519565
9037305680,wayne,42.023906,-83.925725
9171418647,wayne,42.2235,-83.652856
4520080484,wayne,42.110281,-83.518914
3050313925,wayne,42.347325,-83.798265
0829922262,wayne,42.252131,-83.674593
0910401759,wayne,42.103063,-83.794973
2030525056,wayne,42.199967,-83.457145
7157256732,wayne,42.125959,-83.532813
4298748778,wayne,42.24725,-83.698089
2208189005,wayne,42.151177,-83.563145
7886701965,wayne,42.003115,-83.780842
3855585587,wayne,42.306379,-83.645198
0132320993,wayne,42.28789,-83.826223
1253494336,wayne,42.177464,-83.910195
8194175182,wayne,42.449976,-83.973317
5827972876,wayne,42.31032,-83.497024
7419600460,wayne,42.100318,-83.494484
6936060499,wayne,42.096762,-83.641396
7822148618,wayne,42.302949,-83.880234
1761534003,wayne,42.379403,-83.904157
7960903782,wayne,42.402313,-83.953711
2436827245,wayne,42.257592,-83.750743
0488350101,wayne,42.119962,-83.504064
6525542051,wayne,42.032335,-83.577743
9617700563,wayne,42.333729,-83.685628
4349818381,wayne,42.433828,-83.463175
4178845928,wayne,42.049873,-83.639888
5097637229,wayne,42.368596,-83.934625
5434814999,wayne,42.486801,-83.743442
3470194499,wayne,42.408053,-83.448472
6443434200,wayne,42.146768,-83.609324
5325408029,wayne,42.121662,-83.726686
5300851172,wayne,42.334805,-83.446883
4537528987,wayne,42.089712,-83.411929
9375694834,wayne,42.286682,-83.448579
6910981502,wayne,42.03647,-83.476413
2555333797,wayne,42.403685,-83.899894
9125943524,wayne,42.368091,-83.684123
5996136731,wayne,42.312612,-83.979965
8579493044,wayne,42.000133,-83.424289
4024860770,wayne,42.216022,-83.464261
9918331960,wayne,42.364632,-83.990201
1377754992,wayne,42.060406,-83.483466
9773602866,wayne,42.288817,-83.925261
5316754642,wayne,42.223567,-83.88391
2260014654,wayne,42.421433,-83.585399
3191421086,wayne,42.315139,-83.749724
5764282748,wayne,42.220048,-83.912052
3293655583,wayne,42.48128,-83.410796
0572235703,wayne,42.051916,-83.400308
5948784437,wayne,42.264092,-83.478764
9495450895,wayne,42.310693,-83.830507
6222383290,wayne,42.200418,-83.934005
9024422100,wayne,42.248788,-83.659386
4936787638,wayne,42.445586,-83.575534
9533564847,wayne,42.484537,-83.804039
3661273167,wayne,42.448467,-83.6235
5874345083,wayne,42.094124,-83.66044
7881872231,wayne,42.388154,-83.520911
9127937404,wayne,42.498923,-83.760453
8099433905,wayne,42.018175,-83.544075
0443698614,wayne,42.080564,-83.927902
8096019981,wayne,42.307097,-83.439069
5864401662,wayne,42.192149,-83.707201
0892005299,wayne,42.09943,-83.537467
9602055892,wayne,42.184306,-83.9202
3926991592,wayne,42.243009,-83.651623
2731342061,wayne,42.065676,-83.537179
4269015179,wayne,42.455411,-83.64006
6283662174,wayne,42.091443,-83.809476
9937672440,wayne,42.259958,-83.779847
7517805089,wayne,42.03182,-83.468456
1859661407,wayne,42.031933,-83.712512
9440159526,wayne,42.21979,-83.802747
7725388685,wayne,42.048591,-83.591319
4688603318,wayne,42.247597,-83.428174
7636134451,wayne,42.456807,-83.672548
4959533436,wayne,42.168193,-83.599338
5687106245,wayne,42.439717,-83.768509
3139735535,wayne,42.361653,-83.602462
4803078075,wayne,42.323957,-83.884941
7740797074,wayne,42.141187,-83.685083
6875100376,wayne,42.132622,-83.739631
7919129231,wayne,42.490227,-83.935387
5082291523,wayne,42.41975,-83.835428
4208949613,wayne,42.175065,-83.435652
5780270479,wayne,42.240038,-83.793491
2030621752,wayne,42.147527,-83.786713
2932484191,wayne,42.387907,-83.444042
4957435525,wayne,42.134321,-83.406604
4994241108,wayne,42.147968,-83.84334
2062861479,wayne,42.2936,-83.437973
4180945047,wayne,42.312371,-83.450394
1842073344,wayne,42.14047,-83.456467
5073427249,wayne,42.175974,-83.666947
0050526398,wayne,42.282321,-83.751839
7644013262,wayne,42.027712,-83.599916
1239323119,wayne,42.394071,-83.761678
6661621940,wayne,42.371957,-83.581162
5660135355,wayne,42.12765,-83.5647
6434666880,wayne,42.366096,-83.989352
1502296385,wayne,42.269782,-83.599368
3279990073,wayne,42.385925,-83.694887
4052768996,wayne,42.233965,-83.483731
4309827779,wayne,42.138087,-83.575453
6917913449,wayne,42.431971,-83.613369
4819933387,wayne,42.248931,-83.684604
2407133068,wayne,42.394196,-83.594388
7845402490,wayne,42.230369,-83.417629
3939856948,wayne,42.124409,-83.839835
9361319112,wayne,42.2248,-83.626053
5308700160,wayne,42.444334,-83.948799
1880344593,wayne,42.15178,-83.712117
4308769843,wayne,42.448066,-83.605105
1056492443,wayne,42.400669,-83.754574
8994397005,wayne,42.03585,-83.452574
2072532706,wayne,42.422704,-83.955228
5823094070,wayne,42.393923,-83.504163
3236049070,wayne,42.344002,-83.500711
0242289860,wayne,42.302483,-83.635538
8303740007,wayne,42.21573,-83.710952
6659918671,wayne,42.461993,-83.706595
0239922759,wayne,42.086886,-83.734732
2653072430,wayne,42.153137,-83.524027
4156677772,wayne,42.408285,-83.619817
8162314602,wayne,42.159106,-83.884084
4095749995,wayne,42.1694,-83.878852
0120105655,wayne,42.122502,-83.987258
2573671698,wayne,42.337332,-83.895912
0319715768,wayne,42.425065,-83.526995
6798299865,wayne,42.483462,-83.582835
5383673345,wayne,42.225562,-83.781826
7691453729,wayne,42.433731,-83.476858
1082681685,wayne,42.079097,-83.886809
9080091085,wayne,42.49356,-83.50197
3160218901,wayne,42.411337,-83.530901
0598453072,wayne,42.467491,-83.944297
4743785286,wayne,42.303912,-83.525868
0078891248,wayne,42.294065,-83.58095
3590194266,wayne,42.157172,-83.531501
9646631743,wayne,42.051809,-83.48145
5241458834,wayne,42.1526,-83.60173
0699635583,wayne,42.030973,-83.574039
2163962012,wayne,42.422678,-83.923672
1876990163,wayne,42.110851,-83.671855
6742810584,wayne,42.010207,-83.798133
1635092181,wayne,42.430435,-83.501918
7578306378,wayne,42.357877,-83.500505
1018581238,wayne,42.423493,-83.612167
4963615367,wayne,42.181916,-83.891245
1186537927,wayne,42.087223,-83.97215
7879951372,wayne,42.218177,-83.674685
4918004034,wayne,42.015755,-83.794415
4043473041,wayne,42.496507,-83.976639
1322218157,wayne,42.261947,-83.650338
6239040601,wayne,42.276488,-83.922578
7909933299,wayne,42.189525,-83.731573
2801261566,wayne,42.285135,-83.598178
3534129775,wayne,42.078751,-83.796443
6561567846,wayne,42.447034,-83.530877
7761167308,wayne,42.345847,-83.419474
9422923488,wayne,42.08092,-83.777327
6141919896,wayne,42.302764,-83.7083
0305213480,wayne,42.027358,-83.762366
5931206674,wayne,42.408367,-83.488269
1951940944,wayne,42.115573,-83.769679
7750123863,wayne,42.109191,-83.637911
7446758963,wayne,42.273695,-83.63846
7477926352,wayne,42.379683,-83.452236
5209470265,wayne,42.070026,-83.860057
5194612042,wayne,42.241027,-83.774582
4006869748,wayne,42.071086,-83.607103
2745255053,wayne,42.407125,-83.972967
1000928890,wayne,42.173675,-83.80736
9556548445,wayne,42.048011,-83.584702
5687883435,wayne,42.019845,-83.497474
1403130335,wayne,42.010829,-83.569755
9583823728,wayne,42.034998,-83.588742
2126030384,wayne,42.32607,-83.524994
2779831951,wayne,42.342011,-83.473056
6105451834,wayne,42.19318,-83.534011
6985442394,wayne,42.111817,-83.467193
2536835782,wayne,42.234073,-83.927539
7826201075,wayne,42.030602,-83.714539
7484916057,wayne,42.329364,-83.693537
0783643089,wayne,42.39879,-83.54036
2049765801,wayne,42.44686,-83.618538
3434681446,wayne,42.288713,-83.443668
1522364803,wayne,42.096609,-83.488481
3543334895,wayne,42.347349,-83.954969
1249345431,wayne,42.473086,-83.496676
8387033143,wayne,42.112955,-83.437901
3580147302,wayne,42.156934,-83.810113
4552970365,wayne,42.384077,-83.976099
9693688046,wayne,42.154044,-83.684178
9258810289,wayne,42.013459,-83.904027
5052722394,wayne,42.34877,-83.560703
4496654687,wayne,42.42592,-83.933735
7728673376,wayne,42.386307,-83.874102
0946079393,wayne,42.299253,-83.960068
4633835692,wayne,42.211864,-83.644137
2638827860,wayne,42.068544,-83.585047
4786727947,wayne,42.314222,-83.595883
5295909888,wayne,42.310867,-83.892626
9063581867,wayne,42.075434,-83.619308
4539890439,wayne,42.138144,-83.856703
6628322434,wayne,42.384613,-83.509396
1059626986,wayne,42.290257,-83.761861
9410221592,wayne,42.298066,-83.499406
9293728279,wayne,42.261649,-83.857814
1349753883,wayne,42.31825,-83.816454
2065189450,wayne,42.441171,-83.632278
0093984854,wayne,42.225943,-83.888994
5413558893,wayne,42.066957,-83.867233
6553642620,wayne,42.25158,-83.480461
3666956035,wayne,42.1961,-83.546174
0497506997,wayne,42.34632,-83.886938
3578691529,wayne,42.27423,-83.438945
7499056218,wayne,42.29147,-83.689607
5984479088,wayne,42.266094,-83.525843
9373620920,wayne,42.26954,-83.981383
6556421280,wayne,42.411201,-83.765924
8392727436,wayne,42.303553,-83.633542
6426060461,wayne,42.015084,-83.687755
4854845497,wayne,42.023588,-83.474387
6614378718,wayne,42.141027,-83.537352
7164959484,wayne,42.050557,-83.940854
6284500519,wayne,42.352304,-83.830652
8597298012,wayne,42.381251,-83.507878
9087436035,wayne,42.062984,-83.425716
2194972624,wayne,42.268019,-83.428724
8837922301,wayne,42.252416,-83.729844
9718290283,wayne,42.029032,-83.468817
9871828136,wayne,42.077722,-83.818941
1687450729,wayne,42.384063,-83.523636
4076718152,wayne,42.175438,-83.541243
6327051060,wayne,42.021277,-83.619727
5282551816,wayne,42.186854,-83.809996
2982039187,wayne,42.446956,-83.882722
0554669228,wayne,42.274188,-83.478304
6352673487,wayne,42.407768,-83.912144
7705813291,wayne,42.411184,-83.928525
9559340199,wayne,42.037069,-83.454966
7346256909,wayne,42.066937,-83.51552
4529733002,wayne,42.025101,-83.643511
8143376994,wayne,42.044966,-83.714031
5578806860,wayne,42.074222,-83.9059
2854625598,wayne,42.465514,-83.610836
5658695699,wayne,42.03971,-83.68428
0346572392,wayne,42.101859,-83.987332
3668962396,wayne,42.223266,-83.866896
7681974862,wayne,42.017932,-83.826093
5732640138,wayne,42.099452,-83.992245
2280808988,wayne,42.275898,-83.667701
8510755213,wayne,42.244684,-83.608035
9414379003,wayne,42.327611,-83.724986
2985502300,wayne,42.292931,-83.921212
9758080090,wayne,42.190752,-83.75527
5359254853,wayne,42.159522,-83.475124
1331116268,wayne,42.352389,-83.599238
2870732770,wayne,42.017859,-83.83145
3342845927,wayne,42.055908,-83.783919
8218849048,wayne,42.093461,-83.776571
7899783025,wayne,42.336052,-83.409116
6476439589,wayne,42.238392,-83.737549
0655391906,wayne,42.208974,-83.543955
4778271201,wayne,42.210503,-83.945527
8995308949,wayne,42.452311,-83.755111
0014513075,wayne,42.12969,-83.889562
9697821319,wayne,42.241203,-83.62745
1076720094,wayne,42.307398,-83.491673
7103316891,wayne,42.379107,-83.536234
5509307403,wayne,42.480226,-83.979123
2434692245,wayne,42.166364,-83.780807
0011171517,wayne,42.242844,-83.643329
7398710957,wayne,42.110291,-83.896347
4343717312,wayne,42.473347,-83.912706
7317167879,wayne,42.281865,-83.466732
6967685161,wayne,42.23089,-83.430878
9373158255,wayne,42.487952,-83.486068
6182471279,wayne,42.413304,-83.837686
6600923868,wayne,42.095868,-83.964352
5577834072,wayne,42.210251,-83.462815
8838367665,wayne,42.476385,-83.960689
5683901505,wayne,42.197328,-83.525457
9077351778,wayne,42.193769,-83.82677
7260311687,wayne,42.049862,-83.921628
2835067558,wayne,42.141371,-83.495186
9765675307,wayne,42.122895,-83.456232
9924249479,wayne,42.43066,-83.684811
8847765695,wayne,42.03839,-83.675476
9438256738,wayne,42.156893,-83.606181
1652634035,wayne,42.002516,-83.675536
9486554303,wayne,42.375509,-83.777523
3180712218,wayne,42.331021,-83.840606
4405093968,wayne,42.399096,-83.419911
2369201740,wayne,42.228696,-83.73572
2087381254,wayne,42.371666,-83.782787
6012985886,wayne,42.237881,-83.759628
8077314639,wayne,42.450902,-83.81615
6057834952,wayne,42.305476,-83.670989
2607232518,wayne,42.088483,-83.46044
5826183190,wayne,42.366438,-83.568994
9140465199,wayne,42.388319,-83.403933
5841313806,wayne,42.01125,-83.814332
9183725411,wayne,42.386126,-83.613609
2553247759,wayne,42.17918,-83.65275
4722858474,wayne,42.441229,-83.720146
6089986418,wayne,42.050566,-83.540162
2901030067,wayne,42.418298,-83.823575
0969158557,wayne,42.485463,-83.961482
1503909701,wayne,42.351609,-83.77281
8480914258,wayne,42.160952,-83.657511
1111327037,wayne,42.267601,-83.570609
0080755294,wayne,42.332584,-83.671547
0991240559,wayne,42.308364,-83.403058
8344981958,wayne,42.098201,-83.5501
4350225165,wayne,42.135248,-83.407036
3979447686,wayne,42.052975,-83.413458
1411509282,wayne,42.404684,-83.843318
2440618075,wayne,42.169642,-83.621208
2668532145,wayne,42.028577,-83.434095
6135345562,wayne,42.43965,-83.945161
6308102296,wayne,42.425888,-83.735197
5913227963,wayne,42.477469,-83.423234
6214411434,wayne,42.420807,-83.847473
1278112133,wayne,42.484683,-83.502567
9116116884,wayne,42.481014,-83.675541
6383144174,wayne,42.293311,-83.769614
4943296796,wayne,42.419841,-83.66646
2478726982,wayne,42.430454,-83.417678
1859242565,wayne,42.423938,-83.609759
4917763038,wayne,42.469606,-83.654378
7986716914,wayne,42.433236,-83.865176
8225321012,wayne,42.292255,-83.649667
8096729327,wayne,42.238164,-83.662314
5256154681,wayne,42.449606,-83.810072
7503266394,wayne,42.306615,-83.436563
1825250535,wayne,42.186741,-83.834631
3663255417,wayne,42.252334,-83.57267
3767644075,wayne,42.116718,-83.501233
8424495454,wayne,42.259582,-83.477479
4252187408,wayne,42.323491,-83.419753
3341093149,wayne,42.352125,-83.858
4227485132,wayne,42.007234,-83.438283
1988385387,wayne,42.273422,-83.457848
9715711376,wayne,42.454254,-83.903138
5136374556,wayne,42.105579,-83.918999
1630150834,wayne,42.397203,-83.964509
0180167998,wayne,42.062736,-83.786132
2302185159,wayne,42.102616,-83.699331
8155937685,wayne,42.152909,-83.533046
1559324254,wayne,42.480639,-83.475044
4083402423,wayne,42.176773,-83.439399
5760889281,wayne,42.025064,-83.950259
9839506252,wayne,42.414349,-83.754145
3636114782,wayne,42.371151,-83.79531
0107547726,wayne,42.329714,-83.709781
4178857268,wayne,42.244861,-83.75829
6649402983,wayne,42.351024,-83.579293
8581620249,wayne,42.284939,-83.707462
3344542996,wayne,42.166538,-83.489106
4091024546,wayne,42.015672,-83.745865
1999748698,wayne,42.242713,-83.589814
2800214280,wayne,42.454994,-83.604663
2153880716,wayne,42.377137,-83.961741
2877272371,wayne,42.027444,-83.529323
9733968187,wayne,42.242608,-83.483685
2718079315,wayne,42.33144,-83.471882
4228989300,wayne,42.347981,-83.555462
7193432543,wayne,42.173179,-83.897076
8568672691,wayne,42.392065,-83.811127
8482988916,wayne,42.273442,-83.896712
8800928943,wayne,42.079017,-83.585536
1250635821,wayne,42.143028,-83.751954
0952610368,wayne,42.403898,-83.682395
9154851570,wayne,42.167973,-83.544467
8200684578,wayne,42.425206,-83.627909
0605528402,wayne,42.061772,-83.480382
9585717999,wayne,42.479328,-83.537212
1938860562,wayne,42.403165,-83.45466
6472699822,wayne,42.244378,-83.886605
7208134630,wayne,42.302094,-83.757055
4822542418,wayne,42.089626,-83.781562
9621250835,wayne,42.283156,-83.480896
2328013996,wayne,42.217209,-83.933122
5711282669,wayne,42.294182,-83.718249
0320491022,wayne,42.46435,-83.9287
3268772515,wayne,42.27426,-83.77207
9215275610,wayne,42.356721,-83.457653
4308208953,wayne,42.094914,-83.768001
9463945317,wayne,42.421226,-83.54472
3872132854,wayne,42.15851,-83.816793
1943534591,wayne,42.294073,-83.844876
9788520424,wayne,42.106997,-83.903794
6830710984,wayne,42.047462,-83.920273
6392716962,wayne,42.154394,-83.445811
0844138524,wayne,42.379607,-83.761264
9006767531,wayne,42.133047,-83.786157
1384301438,wayne,42.409475,-83.935739
4668164811,wayne,42.160562,-83.62337
6616798664,wayne,42.389301,-83.778751
7372608846,wayne,42.204508,-83.674269
8599382771,wayne,42.438843,-83.625028
0887363910,wayne,42.231342,-83.47295
8909272310,wayne,42.182388,-83.469993
7763078736,wayne,42.16927,-83.745317
1286444551,wayne,42.403625,-83.571489
2621390156,wayne,42.207327,-83.636371
2998247669,wayne,42.086427,-83.671252
7151472985,wayne,42.345377,-83.653268
1940206499,wayne,42.256119,-83.985522
7509575617,wayne,42.105719,-83.520548
3508059257,wayne,42.413487,-83.78009
0716007044,wayne,42.407074,-83.756634
1055914623,wayne,42.487674,-83.880386
8926492053,wayne,42.218589,-83.521041
5675985970,wayne,42.45951,-83.483572
7749229392,wayne,42.088707,-83.899764
5810296787,wayne,42.040835,-83.584314
0530913618,wayne,42.219395,-83.595904
5376478384,wayne,42.488803,-83.64156
9772839423,wayne,42.195791,-83.496326
5430957591,wayne,42.43806,-83.684722
5648125453,wayne,42.290695,-83.44858
2987384210,wayne,42.432976,-83.521043
2721707725,wayne,42.252553,-83.590939
6197406370,wayne,42.049641,-83.753071
1266894121,wayne,42.448685,-83.72106
2987984939,wayne,42.408592,-83.931128
3490469506,wayne,42.072548,-83.564185
8092797036,wayne,42.494736,-83.778781
5787734412,wayne,42.152524,-83.421851
9656660630,wayne,42.127021,-83.668157
6423103418,wayne,42.313606,-83.665996
2264759309,wayne,42.462324,-83.652626
2732678327,wayne,42.066024,-83.78353
5423478315,wayne,42.157947,-83.645843
0709992210,wayne,42.141773,-83.492768
5243843391,wayne,42.462978,-83.648868
0590275066,wayne,42.469298,-83.862644
1216077118,wayne,42.177533,-83.812064
8891348042,wayne,42.086248,-83.956383
4423416243,wayne,42.082637,-83.862501
1011256415,wayne,42.394854,-83.896496
9012004936,wayne,42.191304,-83.86233
6018882784,wayne,42.462259,-83.658646
4275084169,wayne,42.413393,-83.683034
2563318715,wayne,42.12475,-83.863369
2678043726,wayne,42.391409,-83.962432
8522802400,wayne,42.130402,-83.626796
9846568027,wayne,42.471325,-83.820224
7544595848,wayne,42.014866,-83.659795
4943579915,wayne,42.144677,-83.608577
7055968461,wayne,42.435482,-83.504529
1629869231,wayne,42.449267,-83.731235
9011186868,wayne,42.484475,-83.92771
8159066659,wayne,42.487023,-83.465738
7647155014,wayne,42.041695,-83.80404
6799168661,wayne,42.225255,-83.876368
4548585425,wayne,42.363778,-83.991097
1146468745,wayne,42.076178,-83.808679
8182140916,wayne,42.101415,-83.973905
4813497743,wayne,42.277319,-83.532767
0544787381,wayne,42.236787,-83.866038
9921422611,wayne,42.217989,-83.757472
2963699868,wayne,42.119537,-83.841223
8044731821,wayne,42.432675,-83.874801
3700303166,wayne,42.072493,-83.738324
0876489636,wayne,42.177975,-83.897811
2614247762,wayne,42.295898,-83.683948
8200869559,wayne,42.037587,-83.810613
8744198324,wayne,42.169137,-83.755061
3469516677,wayne,42.016501,-83.445542
4830790452,wayne,42.095794,-83.550767
2543516830,wayne,42.156653,-83.997159
6014716311,wayne,42.428377,-83.845724
1368332444,wayne,42.086082,-83.935883
2793627927,wayne,42.280391,-83.425928
1452658729,wayne,42.165927,-83.453119
4617902447,wayne,42.416205,-83.504341
1031060927,wayne,42.382997,-83.700002
6267238061,wayne,42.216681,-83.564505
1605732772,wayne,42.409393,-83.400638
8002187675,wayne,42.281428,-83.548796
3360975921,wayne,42.33051,-83.764548
7601362278,wayne,42.484699,-83.501058
1174095366,wayne,42.376653,-83.641168
5998256335,wayne,42.354762,-83.675471
9789018912,wayne,42.003422,-83.876777
8899025421,wayne,42.14845,-83.633777
4494622381,wayne,42.230971,-83.638878
0355653933,wayne,42.219538,-83.594528
9561874989,wayne,42.025564,-83.631241
0988367140,wayne,42.454046,-83.45946
0457172215,wayne,42.493173,-83.895975
4029970282,wayne,42.381382,-83.808283
0360405324,wayne,42.471518,-83.876216
3229747911,wayne,42.119671,-83.799212
1746861984,wayne,42.161373,-83.453185
0659743951,wayne,42.439812,-83.800586
0307329695,wayne,42.265246,-83.700174
8334005985,wayne,42.049196,-83.617816
7615135374,wayne,42.412916,-83.471171
1863987838,wayne,42.424384,-83.447168
0018464576,wayne,42.440265,-83.436073
0947334828,wayne,42.170118,-83.514546
0898141616,wayne,42.087128,-83.587266
5716438813,wayne,42.333368,-83.937147
4638780231,wayne,42.287791,-83.686776
7346080244,wayne,42.175334,-83.421511
3721426793,wayne,42.28844,-83.715111
8866243928,wayne,42.195764,-83.740264
0549574478,wayne,42.141854,-83.526741
9082291174,wayne,42.037859,-83.835706
7722470770,wayne,42.472381,-83.822998
9678604974,wayne,42.014608,-83.711085
4228741363,wayne,42.145987,-83.941042
6861345490,wayne,42.425856,-83.599805
6973504718,wayne,42.306252,-83.952692
0735368585,wayne,42.075522,-83.555976
4509604586,wayne,42.156722,-83.892359
5125063268,wayne,42.326381,-83.567139
7680203015,wayne,42.241976,-83.610207
0957957972,wayne,42.477583,-83.459923
8370473837,wayne,42.070663,-83.595726
4858469781,wayne,42.036159,-83.466182
1084238797,wayne,42.255801,-83.622004
8437758403,wayne,42.487578,-83.758062
