npi,specialty,county,efficiency,effectiveness,latitude,longitude
8052689147,pcp,wayne,3,1,42.043115,-83.965646
9877521389,obgyn,wayne,3,3,41.996285,-83.568235
1631685399,obgyn,wayne,3,1,42.230905,-83.836955
5607855010,obgyn,wayne,5,5,42.357713,-83.908181
0003461772,urologist,wayne,1,4,42.004079,-83.886582
2594068949,urologist,wayne,1,3,42.113387,-83.577333
8238092343,urologist,wayne,4,5,42.32797,-83.673867
2050296657,urologist,wayne,4,2,42.12872,-83.581534
4002099728,urologist,wayne,4,5,42.367333,-83.939295
7451239449,obgyn,wayne,5,4,42.162961,-83.79533
6748668226,ent,wayne,5,2,42.120872,-83.523255
3844288808,cardiologist,wayne,5,4,41.911239,-83.604963
8679684612,cardiologist,wayne,3,5,41.954752,-83.632363
6003576996,urologist,wayne,3,2,41.947123,-83.778319
1699992410,ent,wayne,2,1,42.252421,-83.58064
5536417747,pcp,wayne,1,1,42.300165,-83.876163
5265630612,obgyn,wayne,4,1,42.024,-83.963391
3743316287,obgyn,wayne,2,3,42.265685,-83.759786
8761258023,cardiologist,wayne,2,3,42.352499,-83.55679
9188001463,cardiologist,wayne,3,1,41.934945,-83.510549
1001723323,cardiologist,wayne,1,5,42.170842,-83.805773
6194804600,cardiologist,wayne,1,3,42.15785,-83.710834
3583856188,cardiologist,wayne,2,2,42.091827,-83.569647
6133218645,cardiologist,wayne,1,5,42.196031,-83.804056
0216585594,urologist,wayne,2,5,41.996007,-83.58641
7932970781,ent,wayne,1,3,41.947607,-83.638757
1251396851,pcp,wayne,3,1,42.181351,-83.929147
6527320239,pcp,wayne,5,2,42.269888,-83.818245
0622536009,obgyn,wayne,2,5,42.166198,-83.62257
6140467863,pcp,wayne,3,2,42.269586,-83.639373
9773607564,pcp,wayne,1,4,42.26054,-83.695313
9630105758,cardiologist,wayne,1,5,41.98291,-83.704926
4443918706,ent,wayne,2,5,42.322999,-83.451136
8448494170,ent,wayne,5,3,42.240835,-83.603482
1756962130,pcp,wayne,1,1,42.389965,-83.471736
1049533317,ent,wayne,5,4,41.935179,-83.800764
4598618338,obgyn,wayne,5,2,41.941089,-83.508828
0910391687,obgyn,wayne,4,1,42.006199,-83.922146
0926143366,urologist,wayne,4,3,42.012769,-83.436462
9208991940,cardiologist,wayne,3,3,41.943915,-83.803077
5956427279,cardiologist,wayne,1,4,42.317866,-83.478969
7626733804,ent,wayne,5,4,42.209464,-83.712367
4730176527,pcp,wayne,1,3,41.900848,-83.861525
2517702382,ent,wayne,3,3,42.000648,-83.677181
9348511342,cardiologist,wayne,1,5,42.092042,-83.789352
0719085930,ent,wayne,4,4,42.156311,-83.578676
1065490679,ent,wayne,1,2,42.372212,-83.46044
8144017388,obgyn,wayne,1,2,42.017716,-83.734973
0431887586,urologist,wayne,4,5,42.071489,-83.919443
1915906698,pcp,wayne,2,5,42.120587,-83.541011
3076279756,cardiologist,wayne,5,3,42.199228,-83.811911
7864843129,pcp,wayne,4,5,42.39592,-83.964465
7203385782,pcp,wayne,4,5,42.219267,-83.602186
0393900042,pcp,wayne,1,3,42.221863,-83.498545
4649488913,ent,wayne,5,4,42.361674,-83.828726
5602354889,cardiologist,wayne,3,5,42.275913,-83.733069
6189269357,urologist,wayne,5,1,42.257879,-83.844395
6014072543,obgyn,wayne,3,2,42.109918,-83.825756
3906165579,ent,wayne,4,1,42.000338,-83.516744
4864773663,cardiologist,wayne,1,4,42.288917,-83.421922
0002010978,cardiologist,wayne,5,3,42.335395,-83.629788
7947719230,ent,wayne,3,3,42.262235,-83.964035
0195327272,urologist,wayne,2,1,42.017961,-83.61734
3399202838,ent,wayne,1,3,42.276385,-83.990671
7551088381,pcp,wayne,4,4,42.124511,-83.597646
8237569604,obgyn,wayne,5,4,42.251502,-83.872823
8436444945,cardiologist,wayne,4,5,42.347135,-83.643294
6564402658,ent,wayne,5,3,42.291516,-83.956609
1573986950,urologist,wayne,5,5,42.338486,-83.737009
3616858045,pcp,wayne,5,4,42.043543,-83.560539
4011465424,urologist,wayne,1,3,42.208645,-83.811415
2352858129,obgyn,wayne,5,4,42.254116,-83.620699
0758968205,urologist,wayne,4,3,41.9239,-83.546193
0714371546,obgyn,wayne,5,2,42.16351,-83.944679
2126553110,pcp,wayne,5,5,42.381516,-83.825223
6746537689,pcp,wayne,4,1,41.976079,-83.890162
7485413798,ent,wayne,5,1,42.074594,-83.507186
9441804470,pcp,wayne,5,2,42.202867,-83.859484
9304127283,pcp,wayne,3,3,42.38885,-83.448132
0818059943,urologist,wayne,2,2,42.086443,-83.88055
3648316962,urologist,wayne,2,5,42.27233,-83.889465
7890853274,ent,wayne,4,4,42.138277,-83.781786
9410044010,cardiologist,wayne,3,3,41.951155,-83.887949
1552847090,pcp,wayne,3,4,42.182826,-83.854135
8037902831,urologist,wayne,3,5,42.131267,-83.406977
7955947702,ent,wayne,4,1,42.107191,-83.41389
2583035896,urologist,wayne,5,3,41.93907,-83.84286
2980537415,pcp,wayne,2,4,42.132287,-83.409815
0108759532,urologist,wayne,4,5,42.197617,-83.515227
5796512991,pcp,wayne,3,4,41.94026,-83.964496
9046530979,urologist,wayne,1,2,42.391205,-83.945294
5591347412,ent,wayne,5,5,41.90039,-83.868992
1218712045,cardiologist,wayne,3,3,41.980937,-83.959018
7878854982,pcp,wayne,2,1,42.253691,-83.895824
6975222224,ent,wayne,2,2,42.354163,-83.593556
7735513672,pcp,wayne,1,1,42.266938,-83.770517
9885707212,urologist,wayne,1,4,42.103343,-83.946334
6228244939,cardiologist,wayne,4,1,42.193041,-83.534802
9110750916,cardiologist,wayne,2,4,41.908083,-83.922547
8391193857,ent,wayne,2,4,42.00422,-83.876092
1082884331,cardiologist,wayne,4,5,42.074175,-83.839252
2933140120,cardiologist,wayne,4,1,42.046123,-83.902103
9921776892,pcp,wayne,2,5,42.10035,-83.729805
2563038267,cardiologist,wayne,3,5,42.113817,-83.93515
8666835890,cardiologist,wayne,4,3,42.028196,-83.405757
2878180061,pcp,wayne,5,5,42.115547,-83.855616
5591618005,pcp,wayne,4,5,42.363287,-83.851566
3394662003,ent,wayne,1,5,41.906272,-83.793428
1290887974,urologist,wayne,2,3,41.98931,-83.832605
1341199934,cardiologist,wayne,4,3,42.282285,-83.567566
9079868008,cardiologist,wayne,5,3,41.905311,-83.682974
1466999499,ent,wayne,5,5,42.199433,-83.754796
1247634793,ent,wayne,5,3,42.18606,-83.823859
1343966610,cardiologist,wayne,3,2,42.173177,-83.565727
5187199034,obgyn,wayne,2,4,42.019927,-83.930615
6496290333,cardiologist,wayne,2,3,42.040883,-83.847416
5148650128,urologist,wayne,1,5,42.291712,-83.660147
1990897105,urologist,wayne,3,2,42.094246,-83.538471
2462894611,pcp,wayne,3,1,42.289825,-83.732968
7100552502,urologist,wayne,2,5,41.994524,-83.579432
7593323470,obgyn,wayne,4,1,42.36913,-83.539895
1934239969,obgyn,wayne,2,1,42.35045,-83.529955
5245733458,ent,wayne,2,3,41.939218,-83.852308
9566979680,pcp,wayne,3,5,42.027702,-83.598447
4580274620,obgyn,wayne,4,4,42.048159,-83.646801
9206242764,pcp,wayne,1,2,42.308033,-83.539675
6238894782,urologist,wayne,1,1,42.279726,-83.741776
0028922487,cardiologist,wayne,3,4,42.08703,-83.50604
3770346533,obgyn,wayne,3,1,42.393043,-83.84673
6456187331,ent,wayne,4,4,41.972471,-83.568109
6976458721,urologist,wayne,5,2,42.021023,-83.498007
8638812261,obgyn,wayne,4,2,42.246349,-83.753828
3880660530,cardiologist,wayne,1,3,41.922304,-83.722171
5593708258,cardiologist,wayne,1,3,42.184509,-83.554557
9617050276,urologist,wayne,4,1,41.960374,-83.428111
9208634584,ent,wayne,3,3,42.24736,-83.535521
3555491290,pcp,wayne,4,2,42.370391,-83.982922
3208711913,ent,wayne,4,4,42.397409,-83.545237
2392404894,pcp,wayne,5,4,42.358434,-83.437989
1979803873,urologist,wayne,3,3,42.110175,-83.656228
8026634258,obgyn,wayne,4,4,42.274744,-83.418322
9994217783,urologist,wayne,2,5,42.054181,-83.885888
2025779426,pcp,wayne,2,4,41.997908,-83.644723
1891499414,obgyn,wayne,2,4,42.053902,-83.569716
9264736481,pcp,wayne,4,3,41.967316,-83.615971
0629107175,obgyn,wayne,2,5,41.931935,-83.601037
6056807331,pcp,wayne,1,1,42.283568,-83.622611
4618651305,obgyn,wayne,1,5,42.298996,-83.460743
5945425363,obgyn,wayne,4,5,42.325276,-83.928533
0630992844,obgyn,wayne,5,2,42.303978,-83.713639
5942514115,cardiologist,wayne,4,1,42.280039,-83.525773
3065681744,ent,wayne,4,5,42.010369,-83.956612
0833684458,urologist,wayne,2,1,41.956736,-83.943049
2855268508,obgyn,wayne,2,1,42.069234,-83.916158
3030344231,pcp,wayne,1,5,41.948167,-83.475286
3036306312,ent,wayne,5,2,42.235913,-83.405057
7708235926,urologist,wayne,3,2,42.181343,-83.921792
3601004904,pcp,wayne,5,2,41.907256,-83.737687
8257532792,ent,wayne,4,2,42.051495,-83.983555
8337625511,ent,wayne,1,2,42.002332,-83.434098
9309647876,obgyn,wayne,3,3,42.271795,-83.842946
7601380134,pcp,wayne,1,5,42.135686,-83.739477
5940176596,urologist,wayne,1,4,42.056429,-83.581507
6725137364,obgyn,wayne,3,3,42.101172,-83.784429
2918762813,urologist,wayne,2,2,42.17744,-83.473714
6281563620,pcp,wayne,2,3,41.90411,-83.83527
6986431578,obgyn,wayne,2,2,42.247247,-83.585615
8500413884,ent,wayne,3,4,42.31547,-83.845301
7005385499,pcp,wayne,1,2,42.045805,-83.905004
0635059677,urologist,wayne,3,4,42.26439,-83.883219
1436572493,cardiologist,wayne,4,5,42.255084,-83.866483
3673296096,ent,wayne,5,2,42.18025,-83.558494
4826116041,ent,wayne,1,3,42.073755,-83.55632
1391526843,pcp,wayne,4,2,41.960046,-83.421827
0821166112,ent,wayne,4,4,42.094944,-83.829299
4964603797,cardiologist,wayne,5,2,41.994691,-83.832907
5897361820,ent,wayne,3,5,41.921186,-83.682961
7324239455,cardiologist,wayne,4,5,42.221268,-83.752918
5303671452,obgyn,wayne,1,4,42.216091,-83.439621
5349193053,obgyn,wayne,5,4,42.295864,-83.944427
1845102323,pcp,wayne,4,1,41.927231,-83.819507
7229917420,ent,wayne,2,5,42.003837,-83.479051
9581665006,ent,wayne,4,2,41.970899,-83.748137
2110585316,obgyn,wayne,5,3,42.236107,-83.569273
6559046313,pcp,wayne,2,4,42.269449,-83.816806
5921615511,ent,wayne,5,1,42.124148,-83.709531
8349035027,urologist,wayne,5,3,42.343414,-83.515013
6317166415,urologist,wayne,4,5,42.252914,-83.734081
0819922186,ent,wayne,1,4,42.395105,-83.963292
6209029811,ent,wayne,3,2,42.385497,-83.648573
5419494355,obgyn,wayne,5,4,42.233039,-83.994827
3205110104,cardiologist,wayne,5,1,42.177847,-83.479146
9176365009,cardiologist,wayne,4,5,42.106156,-83.460844
9485234069,cardiologist,wayne,1,3,41.9707,-83.777103
0697800142,obgyn,wayne,1,1,42.376036,-83.820774
5309359730,urologist,wayne,1,2,42.045011,-83.944874
0778456047,cardiologist,wayne,1,1,41.994197,-83.646709
1814370579,pcp,wayne,3,4,42.10125,-83.983893
0722472891,pcp,wayne,4,3,42.068861,-83.892195
9480059749,pcp,wayne,2,5,42.267589,-83.976294
5233842425,ent,wayne,5,1,42.153141,-83.652952
2784650606,obgyn,wayne,2,5,41.92571,-83.943762
5098139516,pcp,wayne,1,1,42.364716,-83.584715
1311189807,cardiologist,wayne,1,1,42.093446,-83.603707
4821400954,pcp,wayne,3,3,41.935602,-83.814489
1696896203,cardiologist,wayne,5,3,41.949937,-83.778253
2942301991,obgyn,wayne,4,5,42.028834,-83.892871
5224680009,obgyn,wayne,2,2,42.224847,-83.928339
0772123396,urologist,wayne,4,1,42.235804,-83.48752
9413216131,ent,wayne,4,5,41.962912,-83.610971
6470206872,ent,wayne,4,2,42.171879,-83.739759
0519311339,urologist,wayne,5,2,42.313058,-83.698422
5959203561,ent,wayne,5,3,41.978427,-83.793494
7500702936,urologist,wayne,2,2,42.120559,-83.404065
4924504338,pcp,wayne,3,4,42.126032,-83.821194
1928110896,pcp,wayne,4,5,41.919463,-83.884671
0472903766,pcp,wayne,4,1,42.003824,-83.984431
3593710627,cardiologist,wayne,1,3,42.335612,-83.927173
8526656818,cardiologist,wayne,1,4,42.119491,-83.824847
1855746720,pcp,wayne,2,2,42.28705,-83.658746
5651470904,cardiologist,wayne,5,1,41.927586,-83.750773
7468531350,urologist,wayne,5,1,42.352201,-83.973784
9485606796,obgyn,wayne,2,2,42.335982,-83.671838
1680006358,pcp,wayne,3,5,42.127064,-83.961193
7439441055,ent,wayne,4,1,42.335488,-83.632585
8176557749,pcp,wayne,2,5,42.275774,-83.58387
4010834697,obgyn,wayne,4,2,41.987528,-83.746565
9798067953,pcp,wayne,5,4,42.180481,-83.973266
5968588900,cardiologist,wayne,3,5,41.998586,-83.798808
8042144994,cardiologist,wayne,5,4,42.345611,-83.649015
5353969203,ent,wayne,5,3,42.265104,-83.499372
5738412284,pcp,wayne,5,1,42.17817,-83.685098
0632741720,cardiologist,wayne,3,4,42.293966,-83.666892
9779383948,cardiologist,wayne,4,5,42.254859,-83.636832
2803986928,cardiologist,wayne,2,1,42.167292,-83.61587
2875718668,obgyn,wayne,1,5,42.039476,-83.845127
8518475197,cardiologist,wayne,1,1,42.296406,-83.921894
0814468636,pcp,wayne,4,5,41.949724,-83.446466
8718818073,pcp,wayne,4,1,42.194615,-83.951439
3547497043,urologist,wayne,2,4,42.291336,-83.481909
5476698375,ent,wayne,3,1,42.018046,-83.514188
0697112742,urologist,wayne,4,1,42.190125,-83.523653
3028360003,pcp,wayne,1,4,41.950361,-83.785075
6665182310,ent,wayne,3,5,42.372911,-83.432514
8120592199,cardiologist,wayne,2,2,42.030753,-83.59724
3319817409,ent,wayne,5,2,42.170121,-83.510206
5722754104,obgyn,wayne,5,4,42.307647,-83.778141
4818068657,cardiologist,wayne,5,5,41.917955,-83.593167
1277576146,ent,wayne,1,1,42.060469,-83.422982
1543268141,cardiologist,wayne,5,5,42.301565,-83.691121
7952535696,urologist,wayne,1,2,42.366494,-83.546649
3199210025,cardiologist,wayne,2,5,42.310149,-83.930567
1547055713,obgyn,wayne,2,3,42.154468,-83.942036
6702471573,cardiologist,wayne,1,2,41.961669,-83.463337
1822082807,cardiologist,wayne,3,3,42.373322,-83.773325
6710792932,ent,wayne,2,2,42.032425,-83.643334
0530016083,urologist,wayne,3,4,42.132042,-83.442548
7931275228,ent,wayne,2,5,41.962501,-83.764139
3748205296,pcp,wayne,4,5,42.185273,-83.73189
1816024672,obgyn,wayne,3,1,42.283128,-83.799955
0427746705,obgyn,wayne,5,4,42.358189,-83.996036
3668253556,cardiologist,wayne,5,4,42.109745,-83.506703
7023494812,urologist,wayne,4,2,42.25693,-83.400114
4085184982,ent,wayne,3,5,41.976127,-83.878124
6160868492,cardiologist,wayne,4,3,42.399462,-83.416431
9113472239,cardiologist,wayne,3,2,42.136415,-83.888563
6596114284,ent,wayne,4,5,41.973504,-83.858904
4263099574,urologist,wayne,4,5,42.187956,-83.944283
5826985198,cardiologist,wayne,1,1,42.0962,-83.578833
6848319987,cardiologist,wayne,1,3,42.035448,-83.648772
4391965284,ent,wayne,1,1,42.310775,-83.592793
0545623463,urologist,wayne,2,2,41.956825,-83.587196
8009286585,obgyn,wayne,4,4,42.292152,-83.941714
0442990978,pcp,wayne,5,1,42.188552,-83.549498
1735754283,pcp,wayne,1,3,42.205894,-83.690933
8121533488,urologist,wayne,1,5,42.00985,-83.929964
1498146961,cardiologist,wayne,2,3,42.255985,-83.788191
5211955049,obgyn,wayne,1,3,42.378601,-83.521643
0784114559,obgyn,wayne,3,3,41.93879,-83.715957
0424995727,obgyn,wayne,1,3,41.91723,-83.937588
1328600112,urologist,wayne,4,5,42.226777,-83.66484
1067971757,ent,wayne,3,2,42.151762,-83.735118
6912781105,urologist,wayne,1,3,41.943713,-83.832908
0464211696,cardiologist,wayne,1,2,42.205244,-83.930505
6444384539,pcp,wayne,2,5,42.149543,-83.760398
7907068961,ent,wayne,3,2,42.109543,-83.93504
4719476640,obgyn,wayne,4,5,42.329354,-83.482086
6611385599,ent,wayne,5,1,42.045647,-83.755372
3472598026,pcp,wayne,4,3,42.3692,-83.459386
0950622391,urologist,wayne,4,5,42.064428,-83.600621
6449877355,pcp,wayne,2,5,42.159475,-83.645827
1006104092,pcp,wayne,1,1,42.19996,-83.625038
8889899597,cardiologist,wayne,3,1,42.312013,-83.59676
7513826038,urologist,wayne,3,3,41.980855,-83.449714
4895190577,pcp,wayne,3,2,41.969648,-83.537293
4256579695,pcp,wayne,3,4,42.352956,-83.971193
2204144793,cardiologist,wayne,2,4,41.966363,-83.659266
2227595326,urologist,wayne,5,1,42.388913,-83.708329
1778869353,pcp,wayne,4,2,42.332965,-83.953654
3936712917,cardiologist,wayne,1,1,42.080548,-83.414563
5961100843,pcp,wayne,1,5,41.989956,-83.712876
3962945279,ent,wayne,2,3,42.216796,-83.831786
7371622247,ent,wayne,1,4,42.053903,-83.447632
6280809582,pcp,wayne,4,3,42.17513,-83.410485
6303855877,obgyn,wayne,3,4,42.399009,-83.951414
9073918176,pcp,wayne,2,3,42.319103,-83.566648
8545324837,ent,wayne,3,1,42.278532,-83.921118
1967179316,cardiologist,wayne,4,5,42.351551,-83.589478
1645255265,cardiologist,wayne,4,2,42.257083,-83.682775
9000630619,urologist,wayne,1,2,41.90242,-83.519608
7449459891,ent,wayne,2,2,41.929836,-83.455257
6009481789,pcp,wayne,2,2,42.187789,-83.662625
6377766529,urologist,wayne,3,2,42.375676,-83.873561
1304708190,pcp,wayne,5,3,42.025033,-83.896023
0478155385,ent,wayne,5,1,42.055383,-83.864907
3295518255,pcp,wayne,3,4,42.002825,-83.85897
7399093735,ent,wayne,1,2,42.357775,-83.533703
5857088025,pcp,wayne,5,2,42.345841,-83.492162
3546913475,obgyn,wayne,2,4,42.363708,-83.589846
5472301260,pcp,wayne,1,5,42.29607,-83.905102
2773213702,urologist,wayne,1,3,42.007534,-83.428927
1486129006,cardiologist,wayne,5,2,42.048617,-83.877279
3079504762,pcp,wayne,5,4,42.224647,-83.921924
6665674730,pcp,wayne,3,5,42.011989,-83.872348
6561332701,obgyn,wayne,3,3,42.319226,-83.658483
0222176455,pcp,wayne,3,3,41.950725,-83.600117
4225137514,urologist,wayne,5,1,42.393476,-83.674466
6977650019,cardiologist,wayne,4,4,42.31012,-83.977818
1376558512,cardiologist,wayne,4,4,42.096487,-83.974078
9516183808,urologist,wayne,1,5,42.350666,-83.440685
4376580363,obgyn,wayne,4,3,42.36012,-83.663808
9409744227,obgyn,wayne,5,2,42.180112,-83.667473
4114701365,ent,wayne,5,3,42.16933,-83.8678
1809638384,ent,wayne,4,5,41.924046,-83.845857
0748911488,pcp,wayne,1,1,42.111597,-83.66076
9669544544,urologist,wayne,3,4,41.939988,-83.650523
5171394343,urologist,wayne,2,5,42.278309,-83.879169
1954503629,urologist,wayne,3,4,42.353498,-83.656994
5756394040,cardiologist,wayne,1,4,42.066244,-83.745622
7348986735,obgyn,wayne,4,1,42.11629,-83.988982
2940584955,pcp,wayne,3,2,41.954306,-83.762338
3807052532,cardiologist,wayne,2,4,42.019126,-83.749106
7119339338,ent,wayne,5,5,42.15537,-83.474175
8768682229,ent,wayne,1,4,42.006028,-83.920901
0719310332,obgyn,wayne,4,5,42.145047,-83.706836
5076959440,obgyn,wayne,1,1,42.15068,-83.768807
1907998705,pcp,wayne,1,4,42.148908,-83.618031
4319260724,ent,wayne,3,5,41.954237,-83.623807
3178191761,urologist,wayne,2,2,42.024836,-83.516611
9964015791,obgyn,wayne,3,1,41.949598,-83.476183
5471036983,pcp,wayne,1,2,42.2392,-83.908025
0696935350,cardiologist,wayne,2,3,42.308818,-83.831572
9537656849,obgyn,wayne,1,2,42.215788,-83.50004
9500033845,urologist,wayne,1,3,41.905732,-83.784206
5761146902,urologist,wayne,5,5,42.225497,-83.49709
2484189969,ent,wayne,1,1,42.221518,-83.503866
3183829029,urologist,wayne,3,2,42.221188,-83.504451
9189118986,obgyn,wayne,5,1,42.332656,-83.731097
5834626091,pcp,wayne,2,3,42.319922,-83.606711
3777060372,ent,wayne,3,2,41.962426,-83.655206
2315012096,urologist,wayne,3,1,42.27734,-83.485355
9282863369,cardiologist,wayne,5,2,42.252133,-83.90504
5601821798,ent,wayne,5,1,41.995006,-83.822566
6965957218,pcp,wayne,4,4,42.00381,-83.917224
9847977630,ent,wayne,3,4,41.983666,-83.733
4197518714,cardiologist,wayne,1,4,42.311783,-83.882695
9523509215,obgyn,wayne,1,2,41.996746,-83.610609
2537221525,cardiologist,wayne,1,2,41.919757,-83.866425
3777930915,ent,wayne,1,2,42.322655,-83.549467
5817110595,urologist,wayne,3,2,41.938045,-83.470623
8046921440,urologist,wayne,5,3,41.965705,-83.932127
2928040210,urologist,wayne,2,2,41.988082,-83.687078
5743035350,cardiologist,wayne,4,2,42.202363,-83.756617
9013472369,ent,wayne,1,5,42.140897,-83.656807
2676147363,pcp,wayne,1,2,41.987869,-83.642648
3241115954,ent,wayne,3,3,41.933748,-83.781071
7861110188,pcp,wayne,4,5,42.082576,-83.70319
2669126278,obgyn,wayne,5,5,41.93661,-83.407041
7856070785,cardiologist,wayne,3,5,42.085077,-83.935618
3415259917,obgyn,wayne,3,4,42.077142,-83.785604
9309363360,pcp,wayne,1,1,42.368699,-83.888945
8850031550,urologist,wayne,3,2,42.308348,-83.437182
4265829900,pcp,wayne,5,3,42.093605,-83.538475
8650121015,pcp,wayne,4,5,41.970192,-83.876188
7105259220,cardiologist,wayne,2,4,42.171437,-83.975833
1795251500,obgyn,wayne,1,2,42.399461,-83.628594
4065097871,ent,wayne,3,4,42.212913,-83.870097
6253937642,obgyn,wayne,3,1,42.029698,-83.795881
8013537274,cardiologist,wayne,1,5,41.999258,-83.662428
4684246191,pcp,wayne,1,5,42.028484,-83.448492
3736794504,pcp,wayne,3,4,41.92682,-83.523074
3557322793,obgyn,wayne,3,3,42.309273,-83.926491
4549029590,cardiologist,wayne,4,3,42.374294,-83.430784
5809026938,ent,wayne,3,3,41.995844,-83.46199
6117266995,cardiologist,wayne,2,1,42.378684,-83.930934
7152830835,pcp,wayne,5,1,42.339506,-83.433912
9565453035,ent,wayne,4,5,42.10718,-83.401266
7769944997,pcp,wayne,2,4,42.255187,-83.65537
6308183839,ent,wayne,3,4,42.23471,-83.911306
4128049707,ent,wayne,5,3,42.208345,-83.541159
9601975038,cardiologist,wayne,2,3,42.363443,-83.890348
0692494236,obgyn,wayne,3,1,42.152418,-83.602223
0961817104,ent,wayne,3,2,42.24855,-83.639691
5899423902,ent,wayne,4,4,41.90212,-83.920039
9010377391,urologist,wayne,2,3,41.968878,-83.645897
6140641553,cardiologist,wayne,4,3,42.157047,-83.544344
8023965916,pcp,wayne,5,4,42.007965,-83.514698
0725946839,ent,wayne,1,4,42.231187,-83.918796
7306025306,urologist,wayne,5,2,41.938985,-83.621043
3977993070,ent,wayne,1,5,42.14735,-83.446869
6283822122,obgyn,wayne,5,4,42.14841,-83.519383
3019559554,cardiologist,wayne,2,3,42.103999,-83.678271
7442066304,pcp,wayne,1,4,42.205754,-83.438643
5806295996,pcp,wayne,5,5,42.305388,-83.860039
5078537003,ent,wayne,5,3,42.304549,-83.84659
0157493215,pcp,wayne,2,4,42.053161,-83.498359
6795813682,urologist,wayne,1,3,42.155657,-83.939567
9685838772,obgyn,wayne,3,2,42.348869,-83.776382
4427225050,pcp,wayne,5,1,42.027261,-83.785248
2598417965,cardiologist,wayne,2,5,42.277724,-83.977669
4351989392,pcp,wayne,2,5,42.290467,-83.611695
2208037526,obgyn,wayne,1,3,42.297281,-83.671649
0177058099,urologist,wayne,1,1,42.101303,-83.608529
1031372404,pcp,wayne,2,4,42.262134,-83.61938
1422996559,obgyn,wayne,3,4,42.397091,-83.858731
7522853730,ent,wayne,3,5,42.177637,-83.702394
5022350918,pcp,wayne,1,5,42.125122,-83.749852
8154481897,cardiologist,wayne,1,1,42.261726,-83.470748
2717540000,ent,wayne,2,4,42.129461,-83.542162
5341568721,urologist,wayne,5,1,42.290007,-83.780541
2143741556,urologist,wayne,2,4,42.215145,-83.752241
8355661944,urologist,wayne,3,1,42.255678,-83.570708
3458344609,obgyn,wayne,5,3,42.353158,-83.928707
0725837292,pcp,wayne,5,1,42.337867,-83.580606
8106714278,cardiologist,wayne,4,5,41.941221,-83.81539
4141319123,cardiologist,wayne,2,4,42.084123,-83.765491
6313355931,obgyn,wayne,3,1,41.919626,-83.415474
9638250758,cardiologist,wayne,3,1,42.184171,-83.707548
6233197986,pcp,wayne,1,2,42.093159,-83.430282
2951034699,cardiologist,wayne,5,2,42.074708,-83.838897
8320756443,urologist,wayne,2,2,42.291071,-83.837399
6131599171,pcp,wayne,4,2,41.922735,-83.972203
3047354185,urologist,wayne,1,2,41.996048,-83.859714
6257736828,pcp,wayne,1,3,41.974239,-83.771901
5620380174,pcp,wayne,2,4,42.145473,-83.764488
3922417718,obgyn,wayne,5,2,41.954982,-83.514816
5582904110,urologist,wayne,1,4,42.36416,-83.79404
5190169388,urologist,wayne,2,1,42.256021,-83.780632
1759658601,cardiologist,wayne,1,3,42.098873,-83.972391
0241060740,obgyn,wayne,4,2,42.391222,-83.782898
1157499756,obgyn,wayne,5,2,42.120497,-83.561254
5445765270,pcp,wayne,1,2,42.295307,-83.704857
7000944307,cardiologist,wayne,3,1,42.097543,-83.824652
5425120117,cardiologist,wayne,3,3,42.344153,-83.473929
2334556340,cardiologist,wayne,1,1,42.160229,-83.569299
3120997313,cardiologist,wayne,2,2,42.095836,-83.690904
3559810117,cardiologist,wayne,5,2,42.285486,-83.604174
4230460070,obgyn,wayne,1,3,41.982692,-83.524222
4164659125,ent,wayne,5,4,42.138077,-83.784572
4661493117,cardiologist,wayne,5,4,42.100566,-83.674851
2691374047,pcp,wayne,3,5,42.367699,-83.954303
1750367288,ent,wayne,4,2,42.238787,-83.916566
1461709100,urologist,wayne,1,5,41.949836,-83.801618
2860488458,ent,wayne,2,5,42.223864,-83.607632
7618870474,cardiologist,wayne,1,2,42.060779,-83.481528
5032130393,urologist,wayne,1,5,42.233484,-83.857843
4370494455,obgyn,wayne,2,1,41.995579,-83.691816
7544322201,urologist,wayne,4,2,42.322366,-83.806091
8207295578,cardiologist,wayne,3,1,41.988587,-83.895947
3424969054,pcp,wayne,3,2,42.255687,-83.728691
0468100398,urologist,wayne,4,1,42.35651,-83.474439
3056702817,obgyn,wayne,5,3,42.346201,-83.900154
3796602174,urologist,wayne,2,4,42.32489,-83.465195
8575329357,pcp,wayne,4,2,42.277683,-83.667164
4271037423,ent,wayne,3,3,42.120985,-83.548461
3438303297,pcp,wayne,1,5,42.051549,-83.952182
8420134275,cardiologist,wayne,1,2,42.040805,-83.658525
5935725930,obgyn,wayne,1,1,42.199274,-83.431734
4132882368,cardiologist,wayne,2,5,41.927401,-83.657934
4008943089,urologist,wayne,1,3,42.177377,-83.666171
3416320475,cardiologist,wayne,2,2,42.324623,-83.850963
0913345904,urologist,wayne,5,5,41.992155,-83.703062
4818502529,urologist,wayne,2,4,42.264126,-83.699218
1202864578,obgyn,wayne,4,1,41.991507,-83.404928
3072413286,obgyn,wayne,4,5,41.990723,-83.627326
0043189169,obgyn,wayne,2,4,41.907977,-83.951032
4723533528,ent,wayne,2,1,42.346203,-83.536159
3892340209,ent,wayne,3,2,42.029941,-83.747888
0655428079,urologist,wayne,3,3,42.017506,-83.45041
1400994160,obgyn,wayne,2,2,42.146924,-83.416651
2653397390,cardiologist,wayne,2,5,42.347823,-83.945781
9064178862,urologist,wayne,3,2,42.114769,-83.759951
7154978541,ent,wayne,1,3,42.144523,-83.448389
6309140818,urologist,wayne,1,2,42.166775,-83.845833
3568452682,ent,wayne,2,5,42.04056,-83.642561
9294596586,obgyn,wayne,5,4,42.157633,-83.698744
1278608184,obgyn,wayne,4,3,42.271254,-83.93065
1934258256,obgyn,wayne,4,4,42.288285,-83.698489
6749682389,pcp,wayne,2,5,41.940482,-83.819218
4816495106,urologist,wayne,2,3,42.115809,-83.851296
6199648700,ent,wayne,3,5,42.150872,-83.640271
9638844905,pcp,wayne,5,4,42.326027,-83.49758
4060192766,pcp,wayne,5,3,42.311049,-83.436733
4608174520,cardiologist,wayne,5,3,42.308809,-83.438767
2915066327,urologist,wayne,3,5,41.979774,-83.769864
7886076987,cardiologist,wayne,5,1,42.160958,-83.523979
6398897607,obgyn,wayne,2,1,42.011471,-83.797869
1922120484,urologist,wayne,5,3,42.233069,-83.937781
0618456248,cardiologist,wayne,4,3,41.976772,-83.480014
5748452680,obgyn,wayne,5,5,41.989587,-83.923457
6512943741,ent,wayne,5,4,42.247282,-83.485923
8994741877,ent,wayne,4,1,42.107297,-83.530875
0073970972,ent,wayne,2,5,42.37143,-83.832741
8357678558,ent,wayne,4,1,42.207909,-83.840981
8139478077,urologist,wayne,3,5,42.309898,-83.607857
5510874654,urologist,wayne,2,2,42.373661,-83.741213
3613624793,urologist,wayne,1,4,42.319088,-83.782508
1190939872,ent,wayne,1,5,41.929527,-83.754097
2961644032,pcp,wayne,4,1,41.904479,-83.683818
3219196781,ent,wayne,5,1,42.288453,-83.420494
6749912801,urologist,wayne,3,1,41.988185,-83.632684
8711401949,ent,wayne,2,4,42.237411,-83.483312
8793804048,urologist,wayne,2,4,42.020956,-83.85623
6184197906,cardiologist,wayne,5,1,42.193703,-83.944455
4839526238,cardiologist,wayne,4,4,41.957804,-83.73664
4395161333,pcp,wayne,2,1,42.040138,-83.923225
6597077576,obgyn,wayne,2,1,42.103704,-83.732415
2605104452,obgyn,wayne,2,2,42.052679,-83.573147
7511002212,ent,wayne,5,3,42.214567,-83.545438
7241795374,cardiologist,wayne,4,2,41.967205,-83.522197
7218028650,urologist,wayne,1,5,42.231365,-83.445368
6663656002,pcp,wayne,4,1,42.153552,-83.401958
6942516568,obgyn,wayne,4,3,42.376529,-83.550769
8297837536,cardiologist,wayne,2,3,42.119962,-83.420606
3009803999,ent,wayne,2,5,42.176509,-83.922646
4457628144,obgyn,wayne,5,2,42.321401,-83.472384
0183331455,obgyn,wayne,2,2,42.194982,-83.801979
8513355181,pcp,wayne,3,4,42.176004,-83.534303
2046691894,cardiologist,wayne,3,4,42.056628,-83.469254
2946955187,pcp,wayne,4,1,41.921709,-83.965205
6798208036,obgyn,wayne,2,3,42.19719,-83.674533
0844993127,ent,wayne,5,3,42.275264,-83.696452
2189204125,urologist,wayne,3,4,42.225136,-83.774502
6376695705,ent,wayne,4,2,42.331326,-83.424806
6398088084,obgyn,wayne,3,3,42.293579,-83.62455
8231632281,pcp,wayne,2,4,42.259215,-83.761003
0401144551,ent,wayne,3,1,42.379201,-83.91268
1764307483,obgyn,wayne,1,4,41.995263,-83.846051
2352254354,ent,wayne,1,2,42.394267,-83.90657
3182454299,urologist,wayne,2,1,41.932351,-83.879461
4064169357,cardiologist,wayne,4,5,42.244607,-83.458302
1294497494,pcp,wayne,2,1,42.293525,-83.577382
3698425076,urologist,wayne,4,5,42.331967,-83.467547
8784679409,urologist,wayne,5,3,42.008555,-83.624128
3466909153,ent,wayne,4,5,41.978002,-83.478843
1521350972,cardiologist,wayne,5,3,42.262804,-83.656094
4710690453,cardiologist,wayne,3,3,41.937089,-83.727339
5837811183,obgyn,wayne,4,4,41.951934,-83.915112
7676796324,ent,wayne,2,4,42.014126,-83.542636
8785850423,obgyn,wayne,2,1,41.969733,-83.683048
2649106712,obgyn,wayne,2,4,42.085855,-83.778421
1334760327,ent,wayne,5,3,42.364516,-83.613721
8062999759,ent,wayne,2,1,41.945561,-83.553141
6904966112,ent,wayne,2,2,42.243357,-83.401457
1749274469,cardiologist,wayne,2,3,42.10652,-83.93764
0534998495,obgyn,wayne,4,2,41.958186,-83.77877
9218463389,urologist,wayne,4,4,42.375554,-83.587431
6776871727,ent,wayne,3,2,42.204003,-83.820515
0564904878,urologist,wayne,2,3,42.345146,-83.642305
4920187521,cardiologist,wayne,1,5,42.347149,-83.447348
2681489341,ent,wayne,3,3,42.116293,-83.967109
8817740568,obgyn,wayne,1,5,42.032406,-83.887073
4392930780,pcp,wayne,3,4,42.029954,-83.954664
1210913989,obgyn,wayne,1,4,42.265993,-83.724922
5206078969,urologist,wayne,1,4,42.171453,-83.806529
4370918465,urologist,wayne,4,4,41.993249,-83.65878
5101453042,urologist,wayne,4,2,42.240599,-83.56381
0283674200,cardiologist,wayne,5,4,42.243805,-83.941972
9135172305,ent,wayne,4,3,41.903,-83.739452
5327714079,cardiologist,wayne,1,1,41.977231,-83.729648
0998231414,cardiologist,wayne,4,1,42.046614,-83.810431
0478113087,obgyn,wayne,3,2,42.204558,-83.655021
1606672565,ent,wayne,5,1,42.19546,-83.490936
8782982424,cardiologist,wayne,1,2,42.18709,-83.761071
2716856807,urologist,wayne,2,2,42.358525,-83.999408
1138741446,cardiologist,wayne,4,1,42.009275,-83.955538
3268332385,ent,wayne,4,5,42.118179,-83.795453
5949114323,urologist,wayne,5,5,42.084737,-83.595846
6523718931,cardiologist,wayne,4,4,42.081479,-83.556725
0675333686,obgyn,wayne,4,1,42.011105,-83.795859
3970902160,ent,wayne,2,1,42.277635,-83.793758
0299867987,obgyn,wayne,5,4,42.348559,-83.872611
3389671640,obgyn,wayne,4,1,42.343651,-83.760888
9026414392,cardiologist,wayne,1,3,42.184573,-83.597057
3065450728,pcp,wayne,5,4,42.246688,-83.47476
0416384659,obgyn,wayne,2,2,41.914974,-83.549897
1597171964,urologist,wayne,4,4,41.962485,-83.89293
1776242717,obgyn,wayne,5,1,41.900694,-83.528231
5419208125,obgyn,wayne,2,2,42.396475,-83.935046
2875258274,ent,wayne,5,4,42.286395,-83.842589
3009986681,pcp,wayne,2,2,41.915023,-83.616647
8394563219,pcp,wayne,5,4,41.967374,-83.486979
4910814767,obgyn,wayne,1,4,42.21436,-83.443434
9499201537,pcp,wayne,5,4,42.331762,-83.522511
3344407400,obgyn,wayne,2,2,42.161663,-83.582736
9191198801,pcp,wayne,4,3,42.043264,-83.885062
8328616395,obgyn,wayne,5,3,42.170311,-83.932014
5081059263,ent,wayne,1,4,42.390619,-83.931797
4696714594,obgyn,wayne,2,5,42.14341,-83.795833
4843363992,pcp,wayne,4,3,42.257602,-83.712481
6161437136,cardiologist,wayne,4,2,42.014119,-83.791851
2980655956,ent,wayne,4,3,42.167676,-83.501994
8077921491,cardiologist,wayne,4,3,42.219923,-83.977985
4138582610,ent,wayne,4,1,41.945413,-83.577278
8530103207,urologist,wayne,3,1,41.932296,-83.986292
9109780824,pcp,wayne,2,3,42.147878,-83.994024
2885731440,cardiologist,wayne,5,2,42.086209,-83.90748
3184199441,pcp,wayne,4,1,42.313593,-83.731256
2185621301,obgyn,wayne,1,5,42.219656,-83.497593
2956270445,urologist,wayne,3,2,41.953897,-83.465965
9836096605,obgyn,wayne,3,5,41.947546,-83.57107
3844254584,cardiologist,wayne,1,2,42.136616,-83.672138
2039990805,pcp,wayne,5,4,41.991345,-83.641213
1901250174,ent,wayne,2,1,42.354355,-83.41312
9762192047,obgyn,wayne,5,4,41.993644,-83.600111
6095407878,cardiologist,wayne,2,5,41.928375,-83.65426
6829137766,pcp,wayne,4,5,41.903232,-83.965206
0918983158,ent,wayne,5,3,42.100963,-83.439782
3013359333,ent,wayne,1,5,41.970542,-83.639272
3292422132,ent,wayne,5,3,42.181893,-83.699102
5452959306,pcp,wayne,1,3,42.024041,-83.61786
0672534345,pcp,wayne,4,4,41.911861,-83.544934
3921881565,cardiologist,wayne,2,4,42.024457,-83.602738
1744146887,pcp,wayne,2,4,42.041991,-83.784471
8662769913,obgyn,wayne,4,1,42.172505,-83.563456
5266808643,cardiologist,wayne,1,3,41.999239,-83.641509
1809391547,ent,wayne,3,4,42.348066,-83.613725
7127005729,obgyn,wayne,3,1,42.303919,-83.73202
5110243054,urologist,wayne,1,4,42.169698,-83.606418
8459688371,pcp,wayne,5,3,42.112132,-83.546863
1388367955,cardiologist,wayne,5,1,41.926942,-83.761096
4018519555,pcp,wayne,2,3,42.069134,-83.587162
7041197718,pcp,wayne,1,2,42.156854,-83.836994
9190060665,ent,wayne,3,2,42.113601,-83.4168
6398260969,pcp,wayne,1,1,42.279597,-83.644022
8637147614,ent,wayne,5,1,42.059747,-83.794766
0262274119,urologist,wayne,1,2,41.977418,-83.640598
9792286637,obgyn,wayne,3,3,42.126234,-83.668824
3016614572,pcp,wayne,5,3,41.993092,-83.560711
3449516833,pcp,wayne,4,2,41.949878,-83.898038
3363103840,obgyn,wayne,1,5,42.177598,-83.763044
6372312385,ent,wayne,2,5,41.981739,-83.709433
7405186978,obgyn,wayne,5,5,42.314955,-83.752312
4587165419,pcp,wayne,2,3,41.99257,-83.860772
2338585498,cardiologist,wayne,4,5,42.338271,-83.780697
4376296484,urologist,wayne,2,5,41.906103,-83.749774
8776193091,pcp,wayne,2,5,42.079036,-83.680487
3854322251,cardiologist,wayne,1,4,42.096875,-83.499422
0692998876,urologist,wayne,1,3,42.39091,-83.885039
1246939424,ent,wayne,5,4,41.962893,-83.987646
6707982062,urologist,wayne,4,2,41.905363,-83.444615
5094921923,cardiologist,wayne,1,5,42.235191,-83.67209
3791613676,pcp,wayne,5,5,41.921611,-83.717473
0286888744,cardiologist,wayne,5,3,42.002431,-83.558943
9529412968,cardiologist,wayne,4,4,41.922726,-83.569082
6255427958,ent,wayne,4,2,42.131777,-83.526414
6759745722,cardiologist,wayne,4,3,41.911736,-83.461919
8287629404,pcp,wayne,3,1,41.932417,-83.961861
9934721362,cardiologist,wayne,4,2,41.923633,-83.788229
7892647793,urologist,wayne,3,5,42.363408,-83.890528
4196955690,cardiologist,wayne,3,5,42.003287,-83.626216
6836496646,ent,wayne,1,3,42.047837,-83.723739
2737452997,cardiologist,wayne,5,4,42.311442,-83.53293
6244501058,cardiologist,wayne,3,4,41.941404,-83.623413
3301882443,obgyn,wayne,1,4,41.922234,-83.956407
0744438457,pcp,wayne,2,4,42.057489,-83.602149
5017694343,obgyn,wayne,1,4,42.012472,-83.933146
2171121003,ent,wayne,2,1,42.375995,-83.486276
5752242010,urologist,wayne,5,4,42.06336,-83.698618
5562190056,obgyn,wayne,2,3,42.198242,-83.853241
5186246391,cardiologist,wayne,1,5,42.372751,-83.598947
0186145339,urologist,wayne,4,4,42.26339,-83.593428
7039468376,urologist,wayne,5,3,42.337424,-83.605676
3738001615,pcp,wayne,1,3,42.001683,-83.505017
4093185579,urologist,wayne,1,3,42.038519,-83.490893
6129776452,pcp,wayne,3,1,42.343572,-83.701115
6729504830,pcp,wayne,2,5,42.300817,-83.594584
6748993997,obgyn,wayne,4,4,42.31973,-83.905264
7505597544,urologist,wayne,3,4,42.238747,-83.863188
4143985830,cardiologist,wayne,2,1,41.943123,-83.564709
9456002299,obgyn,wayne,2,3,42.001655,-83.692559
1198744015,ent,wayne,4,3,42.284756,-83.737647
5920951798,ent,wayne,4,1,42.083594,-83.437009
5939685238,urologist,wayne,5,1,41.908252,-83.476626
2952964729,obgyn,wayne,2,2,42.241733,-83.680849
4064324339,pcp,wayne,5,5,42.171242,-83.843847
5445770387,pcp,wayne,3,4,41.914841,-83.799597
7990306178,urologist,wayne,1,4,42.047786,-83.818901
5015531997,urologist,wayne,3,3,42.166881,-83.656674
1040093138,urologist,wayne,4,2,41.963519,-83.847278
1283971720,obgyn,wayne,5,5,42.087896,-83.952116
0337623446,obgyn,wayne,2,1,41.933305,-83.768796
1641393036,cardiologist,wayne,3,3,41.977804,-83.731904
8318181643,urologist,wayne,3,3,41.996119,-83.709437
8048822875,pcp,wayne,4,1,41.914067,-83.516878
5430247976,urologist,wayne,5,1,42.298739,-83.433202
1806852922,pcp,wayne,5,1,42.060631,-83.889549
9827836255,pcp,wayne,1,2,42.292825,-83.443301
0345321470,ent,wayne,2,4,42.213628,-83.952637
1296970216,cardiologist,wayne,4,4,42.041308,-83.931185
3498906691,ent,wayne,1,2,42.037324,-83.567629
1930458311,pcp,wayne,4,2,42.117004,-83.77691
8178898521,obgyn,wayne,2,1,42.223313,-83.553531
6918055885,urologist,wayne,4,1,42.322439,-83.960139
7786965921,cardiologist,wayne,2,5,42.379369,-83.46214
3681096228,ent,wayne,2,3,42.216736,-83.638419
3924741789,ent,wayne,1,1,41.993646,-83.734712
6368789696,pcp,wayne,3,2,42.26119,-83.529503
6383575748,obgyn,wayne,4,5,41.970458,-83.925553
2188112014,pcp,wayne,3,2,42.366836,-83.90797
6643469528,obgyn,wayne,4,3,42.131513,-83.983523
9347025214,urologist,wayne,4,3,41.91499,-83.940202
7993568259,pcp,wayne,5,1,42.271471,-83.780736
0678207630,pcp,wayne,2,2,42.155458,-83.85313
8268796793,obgyn,wayne,4,5,42.057433,-83.45553
6434767684,cardiologist,wayne,2,4,42.323575,-83.971867
9361883406,ent,wayne,1,3,41.932486,-83.906701
9038786679,urologist,wayne,1,5,42.004134,-83.917249
0302265817,urologist,wayne,3,5,41.966984,-83.471733
7275959292,pcp,wayne,3,4,42.061383,-83.692626
2779854475,cardiologist,wayne,1,3,42.318248,-83.957704
6160402066,pcp,wayne,2,3,41.958557,-83.967056
1516749565,obgyn,wayne,2,1,42.276832,-83.541584
7417648326,pcp,wayne,2,3,42.350906,-83.707993
7081159982,urologist,wayne,4,4,42.127114,-83.446009
7069471989,ent,wayne,2,5,42.008388,-83.620701
9732863911,ent,wayne,2,1,42.199522,-83.99728
4171068803,urologist,wayne,1,4,42.276363,-83.591878
3445400969,urologist,wayne,5,4,42.284553,-83.835499
5483007931,cardiologist,wayne,2,4,42.051434,-83.766307
4202349237,ent,wayne,4,4,42.202433,-83.721723
3700394147,urologist,wayne,4,5,42.232872,-83.524244
6128859966,cardiologist,wayne,3,4,41.957838,-83.80312
6750496779,cardiologist,wayne,2,1,41.93266,-83.941076
2726236735,cardiologist,wayne,2,5,42.084247,-83.709728
3690555891,pcp,wayne,4,5,42.010008,-83.819446
5004403070,pcp,wayne,3,5,42.04735,-83.770065
6959999308,ent,wayne,1,3,42.247595,-83.474843
0188941790,ent,wayne,5,3,42.334039,-83.588624
1163050741,obgyn,wayne,3,1,42.014272,-83.45237
0654243591,cardiologist,wayne,1,2,42.278407,-83.839287
8697012373,ent,wayne,2,1,41.913762,-83.794064
8467929685,cardiologist,wayne,4,1,42.157346,-83.835662
1662800793,pcp,wayne,2,4,42.093429,-83.541308
4595676919,cardiologist,wayne,3,4,41.95773,-83.835758
8413309841,pcp,wayne,1,5,42.134184,-83.571549
2195478948,urologist,wayne,1,4,41.974211,-83.791723
8490886943,ent,wayne,1,5,41.98357,-83.404975
2382388235,cardiologist,wayne,4,3,42.057476,-83.705301
1163201095,pcp,wayne,1,4,42.050112,-83.76489
2568528428,ent,wayne,2,4,42.195735,-83.610465
2354219497,cardiologist,wayne,1,4,42.291875,-83.823336
2551020362,urologist,wayne,2,4,41.944037,-83.409633
6086612526,urologist,wayne,3,3,42.109939,-83.549032
9003903948,pcp,wayne,5,3,42.114303,-83.959441
8430954834,pcp,wayne,5,2,42.112095,-83.465068
8380958276,obgyn,wayne,5,1,41.920602,-83.886761
2678942447,ent,wayne,5,2,42.322427,-83.673004
8292769439,urologist,wayne,3,4,42.318367,-83.486143
3556476374,pcp,wayne,2,4,41.909801,-83.473289
1545149559,cardiologist,wayne,4,4,42.049513,-83.939297
6204225897,cardiologist,wayne,4,3,42.080483,-83.666265
5829156432,ent,wayne,3,3,42.032499,-83.737295
0721998543,pcp,wayne,1,2,41.902707,-83.64385
5280025750,ent,wayne,4,2,42.310951,-83.576806
9816632695,ent,wayne,3,3,42.320231,-83.424134
5651132812,urologist,wayne,5,2,42.064591,-83.721305
9650169236,ent,wayne,3,5,42.195906,-83.903416
3588080219,cardiologist,wayne,4,2,42.044056,-83.623709
6279729038,obgyn,wayne,1,4,42.301578,-83.741324
5014810899,obgyn,wayne,5,4,42.390456,-83.840672
5249208543,cardiologist,wayne,3,2,41.932141,-83.935471
7396377330,ent,wayne,3,5,42.234674,-83.674332
7637822547,obgyn,wayne,1,2,42.242718,-83.691669
6110458862,obgyn,wayne,4,5,42.092885,-83.967572
2773625304,urologist,wayne,4,1,42.166741,-83.678591
3616439309,obgyn,wayne,4,2,42.311743,-83.891086
7042548237,cardiologist,wayne,5,1,42.270139,-83.935202
1195406140,ent,wayne,4,2,42.094353,-83.820473
2783985112,cardiologist,wayne,5,2,42.379866,-83.445374
7110222364,cardiologist,wayne,1,5,42.206751,-83.752117
2227148655,pcp,wayne,2,1,41.923582,-83.571629
5527262649,pcp,wayne,3,3,42.172962,-83.578654
7145730204,cardiologist,wayne,3,5,42.167167,-83.720497
9677828355,pcp,wayne,5,1,42.190722,-83.812174
4455009848,pcp,wayne,3,1,42.220189,-83.606051
4022788842,cardiologist,wayne,1,1,41.969273,-83.920014
4856275819,obgyn,wayne,4,1,42.082012,-83.550801
4587088391,obgyn,wayne,4,4,42.359223,-83.512013
6954656744,obgyn,wayne,1,5,42.06832,-83.619779
2178961075,cardiologist,wayne,4,3,42.382646,-83.545561
4961289982,obgyn,wayne,2,1,42.072559,-83.791536
4907030676,obgyn,wayne,2,1,42.101967,-83.846171
5923935917,ent,wayne,4,1,42.023132,-83.722935
0644019751,ent,wayne,4,1,42.096649,-83.682855
2324239001,cardiologist,wayne,4,4,42.10318,-83.774813
5006592845,pcp,wayne,5,4,42.023499,-83.708911
3560792704,cardiologist,wayne,3,3,42.069406,-83.51514
2619243865,cardiologist,wayne,4,3,42.276987,-83.603878
7912091705,pcp,wayne,2,5,42.260054,-83.800349
0991368030,cardiologist,wayne,5,4,42.221743,-83.585794
1041157128,ent,wayne,1,3,42.001937,-83.53593
0868759556,urologist,wayne,3,1,42.080259,-83.600861
7064443155,cardiologist,wayne,5,5,42.311588,-83.78637
3963314602,pcp,wayne,4,2,42.271737,-83.875928
7292183003,obgyn,wayne,5,1,41.998723,-83.558903
0898445791,urologist,wayne,5,5,42.097482,-83.794577
2420859210,obgyn,wayne,4,2,42.021078,-83.408565
1278561232,urologist,wayne,2,5,42.375234,-83.593936
1864023538,ent,wayne,5,4,42.334419,-83.45617
1143368140,urologist,wayne,3,3,42.264416,-83.886361
1851551263,ent,wayne,2,3,42.118227,-83.69938
2352680809,cardiologist,wayne,4,2,42.123459,-83.629918
3930814490,obgyn,wayne,3,2,41.916287,-83.660744
1240289823,cardiologist,wayne,1,4,42.210763,-83.519057
4895305548,ent,wayne,3,1,42.009431,-83.821355
6407221746,ent,wayne,5,2,41.955698,-83.580161
4624152537,cardiologist,wayne,1,1,42.10451,-83.637783
8688599823,pcp,wayne,1,4,42.299536,-83.517744
4619453145,urologist,wayne,5,5,42.342528,-83.703538
0390729685,pcp,wayne,4,3,42.069857,-83.535347
2999728360,ent,wayne,1,2,42.101347,-83.565871
5560073906,urologist,wayne,3,4,42.25428,-83.948095
4935269262,cardiologist,wayne,4,1,41.903384,-83.502337
8363851308,ent,wayne,5,3,42.347782,-83.882707
5171997929,ent,wayne,1,3,42.206108,-83.659278
8127207577,ent,wayne,3,5,42.33184,-83.736461
6865874254,obgyn,wayne,2,1,42.260871,-83.675754
0239066206,pcp,wayne,4,1,42.20249,-83.707936
3198767721,obgyn,wayne,1,4,42.352851,-83.8676
2012532353,pcp,wayne,4,4,42.186428,-83.917178
4497518888,urologist,wayne,4,4,42.097694,-83.457287
2801377029,obgyn,wayne,4,4,42.221718,-83.622816
8294910401,pcp,wayne,1,3,42.109085,-83.524563
5903153133,ent,wayne,1,5,42.05089,-83.418928
1299336031,cardiologist,wayne,3,4,42.298892,-83.946665
6152254508,pcp,wayne,5,1,41.933467,-83.523747
0434772707,obgyn,wayne,3,3,42.169711,-83.45273
8839766356,obgyn,wayne,4,1,42.019541,-83.875484
8394831373,urologist,wayne,5,4,42.267524,-83.443678
9649750680,cardiologist,wayne,2,1,42.220895,-83.728741
7585900535,pcp,wayne,2,3,41.984376,-83.72454
7144820882,urologist,wayne,1,4,41.960036,-83.70115
3595568584,obgyn,wayne,5,1,42.100274,-83.725574
5421701557,ent,wayne,1,5,42.393063,-83.421826
6490640341,urologist,wayne,1,4,42.288482,-83.910788
4486841659,pcp,wayne,5,1,42.100229,-83.743029
6775947388,cardiologist,wayne,5,3,41.96287,-83.693168
2776915571,pcp,wayne,2,1,42.249167,-83.403128
6493572958,cardiologist,wayne,3,5,42.121056,-83.665492
3118006239,urologist,wayne,5,5,42.379819,-83.80705
6218209581,obgyn,wayne,5,2,42.293195,-83.868356
9042303098,pcp,wayne,5,4,42.231408,-83.931041
5703952553,obgyn,wayne,1,3,42.067965,-83.969471
3414922114,ent,wayne,1,2,42.305552,-83.448017
3731997441,obgyn,wayne,3,2,42.016818,-83.815657
3060292715,ent,wayne,4,1,41.952971,-83.723173
8783447343,urologist,wayne,5,2,42.202528,-83.610474
9470109868,pcp,wayne,5,1,41.936584,-83.556061
1047765801,urologist,wayne,5,3,42.168883,-83.952515
6510824039,cardiologist,wayne,1,5,42.156489,-83.987873
2763048087,ent,wayne,4,3,42.39439,-83.424313
7145242126,cardiologist,wayne,3,1,42.170565,-83.550561
6644632417,urologist,wayne,1,1,42.125436,-83.648758
1898051886,cardiologist,wayne,2,3,42.14044,-83.483677
3430832746,urologist,wayne,1,3,42.077392,-83.821673
3852735561,obgyn,wayne,3,3,42.096293,-83.856788
0600457308,cardiologist,wayne,4,4,42.163891,-83.776967
9350680299,urologist,wayne,1,1,42.37597,-83.74087
8150469833,pcp,wayne,1,2,42.341098,-83.76977
1190645433,urologist,wayne,2,2,41.941476,-83.765004
2184738442,urologist,wayne,3,1,42.200782,-83.703441
7834148522,obgyn,wayne,1,2,42.244664,-83.454487
4982916609,urologist,wayne,4,2,42.256236,-83.414894
4730812322,urologist,wayne,4,4,42.143784,-83.649474
2836013086,urologist,wayne,2,3,42.221499,-83.713719
8315280337,urologist,wayne,1,5,42.156524,-83.502966
1643029729,cardiologist,wayne,3,5,41.928225,-83.636319
9175546340,urologist,wayne,5,3,42.24892,-83.904565
8068770268,pcp,wayne,4,5,42.391717,-83.738414
1085076115,urologist,wayne,1,3,41.923807,-83.518128
5909995599,cardiologist,wayne,1,5,42.076777,-83.77423
6584582768,cardiologist,wayne,2,2,42.068329,-83.811444
6875411031,obgyn,wayne,2,2,41.989025,-83.899831
2593095348,obgyn,wayne,4,5,42.321099,-83.692284
2727649905,cardiologist,wayne,1,1,42.047781,-83.636964
5184706407,cardiologist,wayne,3,3,42.32208,-83.672165
7301502643,pcp,wayne,2,2,41.947718,-83.797671
8487572738,obgyn,wayne,1,5,42.05229,-83.96246
1439608995,urologist,wayne,4,3,41.932523,-83.611923
7380692867,cardiologist,wayne,1,2,42.230401,-83.4548
2172734648,cardiologist,wayne,2,2,42.050751,-83.528218
7039714557,cardiologist,wayne,2,3,42.15433,-83.840495
0261162169,urologist,wayne,4,1,42.189445,-83.770959
3852401649,urologist,wayne,1,3,42.353423,-83.433487
1245368834,urologist,wayne,2,5,42.311136,-83.729291
2427796454,urologist,wayne,3,4,42.249502,-83.649378
6591304569,urologist,wayne,3,3,42.364368,-83.596525
5799322308,cardiologist,wayne,1,5,42.288918,-83.74161
7333773308,obgyn,wayne,3,2,42.323294,-83.580819
8843930722,ent,wayne,2,4,42.07818,-83.476322
7026473219,cardiologist,wayne,3,1,41.942807,-83.810165
4259329151,ent,wayne,4,1,42.23654,-83.914392
6180214995,pcp,wayne,4,1,42.359727,-83.530869
0086614309,cardiologist,wayne,3,5,42.35699,-83.717853
2525948678,ent,wayne,4,1,42.261881,-83.553414
8316251571,obgyn,wayne,1,4,41.943301,-83.60523
4608025728,ent,wayne,4,5,42.144447,-83.531221
3644931858,pcp,wayne,4,2,42.041258,-83.425831
4245396449,obgyn,wayne,2,3,41.996857,-83.625785
2088080480,urologist,wayne,4,1,41.923081,-83.981951
6257287397,obgyn,wayne,5,4,42.04833,-83.881847
8236408517,cardiologist,wayne,5,4,42.114573,-83.896378
9007075611,cardiologist,wayne,1,1,42.131232,-83.430487
6617743192,obgyn,wayne,1,5,41.904744,-83.641267
1386537830,pcp,wayne,2,4,42.301757,-83.462909
2907813006,urologist,wayne,5,2,42.282714,-83.958535
1390658320,cardiologist,wayne,3,1,42.115174,-83.425914
0991038648,cardiologist,wayne,2,2,42.256642,-83.863215
6860056287,ent,wayne,1,2,42.117134,-83.645897
2441556277,cardiologist,wayne,5,3,42.112933,-83.401215
2998748378,ent,wayne,1,5,42.268283,-83.476685
4568667986,pcp,wayne,5,3,42.245017,-83.643188
5302063534,cardiologist,wayne,3,4,42.382751,-83.521664
9989840523,obgyn,wayne,2,3,42.04083,-83.737878
3797470709,cardiologist,wayne,5,5,42.136281,-83.848196
4064553987,cardiologist,wayne,1,5,41.984593,-83.722996
3147419943,cardiologist,wayne,5,4,42.23325,-83.726216
1432784068,urologist,wayne,2,2,42.206017,-83.837418
2182441829,urologist,wayne,1,3,42.127535,-83.960436
9559025727,pcp,wayne,1,3,42.025831,-83.509185
9904725779,urologist,wayne,1,4,42.344328,-83.524721
9374814288,urologist,wayne,4,2,41.903413,-83.978262
3627324309,cardiologist,wayne,3,2,41.938385,-83.580352
1796274222,obgyn,wayne,3,3,42.118664,-83.937577
1810671534,pcp,wayne,4,2,42.06403,-83.855827
5194965115,urologist,wayne,3,1,42.36133,-83.655779
4729373810,urologist,wayne,3,2,42.088731,-83.608997
2591081776,cardiologist,wayne,3,4,42.005127,-83.633467
1248395325,obgyn,wayne,5,5,42.030714,-83.401875
5534621345,ent,wayne,4,2,42.143741,-83.698899
0195227769,ent,wayne,4,5,42.047847,-83.597031
4208457629,ent,wayne,5,1,41.96547,-83.830327
5859845195,urologist,wayne,3,4,42.348205,-83.8427
6606007261,obgyn,wayne,3,2,42.068733,-83.916349
3515733966,urologist,wayne,2,1,42.37296,-83.787366
7026527560,cardiologist,wayne,1,2,41.945191,-83.738318
2577147070,urologist,wayne,5,3,42.239824,-83.665757
4300309961,ent,wayne,2,1,42.045777,-83.430449
8180712048,pcp,wayne,3,3,41.974379,-83.500067
5134706180,cardiologist,wayne,2,4,42.094961,-83.637545
1016312373,cardiologist,wayne,2,5,42.00617,-83.840269
8406339164,ent,wayne,3,1,42.207324,-83.926602
8143941613,ent,wayne,4,2,42.147034,-83.699731
4447898227,urologist,wayne,1,3,42.05452,-83.873214
2239764975,cardiologist,wayne,2,5,42.060305,-83.786371
4459787118,pcp,wayne,3,3,42.01814,-83.526726
3205529673,pcp,wayne,5,3,42.158048,-83.614355
7366522925,urologist,wayne,3,3,42.061452,-83.732027
2122704166,cardiologist,wayne,4,1,42.112171,-83.411701
3928741879,pcp,wayne,2,5,41.955665,-83.802112
4336549591,obgyn,wayne,3,5,42.06007,-83.943369
2795952696,urologist,wayne,3,4,42.247233,-83.922946
5608909394,cardiologist,wayne,4,2,42.131315,-83.713584
0655674440,pcp,wayne,4,2,42.395721,-83.860352
5969052625,obgyn,wayne,1,3,42.004813,-83.529886
7411279513,pcp,wayne,1,1,42.250927,-83.947717
2996114684,urologist,wayne,1,5,42.220387,-83.988378
9045078908,pcp,wayne,1,4,42.244603,-83.867428
1580477365,ent,wayne,1,2,41.956852,-83.820014
5899187366,obgyn,wayne,4,4,42.028177,-83.571707
3534644930,ent,wayne,2,1,41.91816,-83.993596
0172923129,cardiologist,wayne,3,2,41.988612,-83.839154
9343932367,pcp,wayne,5,1,42.237663,-83.917095
7045349843,cardiologist,wayne,1,2,41.992393,-83.659711
8897327924,obgyn,wayne,1,5,42.190198,-83.476142
3489209432,cardiologist,wayne,3,5,42.300798,-83.985235
7510405307,obgyn,wayne,5,4,42.123972,-83.670384
7582424357,ent,wayne,5,5,41.940996,-83.85392
9319431580,urologist,wayne,3,2,42.336357,-83.541678
6521828762,obgyn,wayne,5,2,42.237741,-83.894653
3746459622,obgyn,wayne,3,1,42.129622,-83.565893
1732671407,pcp,wayne,3,5,42.258981,-83.644258
0550601339,ent,wayne,5,3,42.031085,-83.791384
1484040743,cardiologist,wayne,3,1,42.375405,-83.523483
7073380867,urologist,wayne,3,5,42.07725,-83.522417
0489017497,ent,wayne,1,5,42.207911,-83.561983
5267586943,urologist,wayne,5,1,42.027018,-83.734325
4675857391,obgyn,wayne,5,1,41.990197,-83.897992
1383318587,cardiologist,wayne,2,5,42.321578,-83.638322
